MichCNN_base_lr=0.001_momentum=0.9_stats.json
[1,   100] loss: 0.090, time: 4.55 seconds
[1,   200] loss: 0.186, time: 8.75 seconds
[1,   300] loss: 0.278, time: 12.88 seconds
[1,   400] loss: 0.374, time: 17.04 seconds
[1,   500] loss: 0.457, time: 21.16 seconds
[1,   600] loss: 0.554, time: 25.25 seconds
[1,   700] loss: 0.642, time: 29.40 seconds
[1,   800] loss: 0.735, time: 34.02 seconds
[1,   900] loss: 0.829, time: 38.95 seconds
[1,  1000] loss: 0.919, time: 44.25 seconds
[1,  1100] loss: 1.007, time: 49.22 seconds
[1,  1200] loss: 1.102, time: 53.79 seconds
[1,  1300] loss: 1.194, time: 58.77 seconds
Epoch time 63.55
{'train_loss': [2554.4547902047634], 'accuracy': [0.3503230437903805], 'recall': [0.3503230437903805], 'precision': [0.12272623501055685], 'f1': [0.18177314765518943], 'r2': [-1.0751933343217646], 'confusion_matrix': [array([[488,   0,   0,   0,   0,   0,   0],
       [170,   0,   0,   0,   0,   0,   0],
       [160,   0,   0,   0,   0,   0,   0],
       [158,   0,   0,   0,   0,   0,   0],
       [152,   0,   0,   0,   0,   0,   0],
       [144,   0,   0,   0,   0,   0,   0],
       [121,   0,   0,   0,   0,   0,   0]], dtype=int64)], 'roc_auc_micro': [0.6210217755443886], 'roc_auc_macro': [0.5]}
[2,   100] loss: 0.089, time: 88.10 seconds
[2,   200] loss: 0.178, time: 95.26 seconds
[2,   300] loss: 0.273, time: 101.10 seconds
[2,   400] loss: 0.366, time: 106.74 seconds
[2,   500] loss: 0.460, time: 113.41 seconds
[2,   600] loss: 0.552, time: 120.55 seconds
[2,   700] loss: 0.638, time: 126.91 seconds
[2,   800] loss: 0.730, time: 131.76 seconds
[2,   900] loss: 0.823, time: 135.62 seconds
[2,  1000] loss: 0.912, time: 139.76 seconds
[2,  1100] loss: 1.003, time: 143.87 seconds
[2,  1200] loss: 1.095, time: 147.97 seconds
[2,  1300] loss: 1.182, time: 151.99 seconds
Epoch time 73.50
{'train_loss': [2554.4547902047634, 2525.5802685916424], 'accuracy': [0.3503230437903805, 0.3503230437903805], 'recall': [0.3503230437903805, 0.3503230437903805], 'precision': [0.12272623501055685, 0.12272623501055685], 'f1': [0.18177314765518943, 0.18177314765518943], 'r2': [-1.0751933343217646, -1.0751933343217646], 'confusion_matrix': [array([[488,   0,   0,   0,   0,   0,   0],
       [170,   0,   0,   0,   0,   0,   0],
       [160,   0,   0,   0,   0,   0,   0],
       [158,   0,   0,   0,   0,   0,   0],
       [152,   0,   0,   0,   0,   0,   0],
       [144,   0,   0,   0,   0,   0,   0],
       [121,   0,   0,   0,   0,   0,   0]], dtype=int64), array([[488,   0,   0,   0,   0,   0,   0],
       [170,   0,   0,   0,   0,   0,   0],
       [160,   0,   0,   0,   0,   0,   0],
       [158,   0,   0,   0,   0,   0,   0],
       [152,   0,   0,   0,   0,   0,   0],
       [144,   0,   0,   0,   0,   0,   0],
       [121,   0,   0,   0,   0,   0,   0]], dtype=int64)], 'roc_auc_micro': [0.6210217755443886, 0.6210217755443886], 'roc_auc_macro': [0.5, 0.5]}
[3,   100] loss: 0.085, time: 173.77 seconds
[3,   200] loss: 0.181, time: 177.66 seconds
[3,   300] loss: 0.275, time: 181.54 seconds
[3,   400] loss: 0.365, time: 185.40 seconds
[3,   500] loss: 0.456, time: 189.30 seconds
[3,   600] loss: 0.541, time: 193.16 seconds
[3,   700] loss: 0.627, time: 197.07 seconds
[3,   800] loss: 0.718, time: 200.99 seconds
[3,   900] loss: 0.809, time: 205.09 seconds
[3,  1000] loss: 0.905, time: 209.07 seconds
[3,  1100] loss: 0.993, time: 213.25 seconds
[3,  1200] loss: 1.081, time: 217.39 seconds
[3,  1300] loss: 1.169, time: 221.60 seconds
Epoch time 55.66
{'train_loss': [2554.4547902047634, 2525.5802685916424, 2519.354166030884], 'accuracy': [0.3503230437903805, 0.3503230437903805, 0.3503230437903805], 'recall': [0.3503230437903805, 0.3503230437903805, 0.3503230437903805], 'precision': [0.12272623501055685, 0.12272623501055685, 0.12272623501055685], 'f1': [0.18177314765518943, 0.18177314765518943, 0.18177314765518943], 'r2': [-1.0751933343217646, -1.0751933343217646, -1.0751933343217646], 'confusion_matrix': [array([[488,   0,   0,   0,   0,   0,   0],
       [170,   0,   0,   0,   0,   0,   0],
       [160,   0,   0,   0,   0,   0,   0],
       [158,   0,   0,   0,   0,   0,   0],
       [152,   0,   0,   0,   0,   0,   0],
       [144,   0,   0,   0,   0,   0,   0],
       [121,   0,   0,   0,   0,   0,   0]], dtype=int64), array([[488,   0,   0,   0,   0,   0,   0],
       [170,   0,   0,   0,   0,   0,   0],
       [160,   0,   0,   0,   0,   0,   0],
       [158,   0,   0,   0,   0,   0,   0],
       [152,   0,   0,   0,   0,   0,   0],
       [144,   0,   0,   0,   0,   0,   0],
       [121,   0,   0,   0,   0,   0,   0]], dtype=int64), array([[488,   0,   0,   0,   0,   0,   0],
       [170,   0,   0,   0,   0,   0,   0],
       [160,   0,   0,   0,   0,   0,   0],
       [158,   0,   0,   0,   0,   0,   0],
       [152,   0,   0,   0,   0,   0,   0],
       [144,   0,   0,   0,   0,   0,   0],
       [121,   0,   0,   0,   0,   0,   0]], dtype=int64)], 'roc_auc_micro': [0.6210217755443886, 0.6210217755443886, 0.6210217755443886], 'roc_auc_macro': [0.5, 0.5, 0.5]}
[4,   100] loss: 0.087, time: 243.68 seconds
[4,   200] loss: 0.180, time: 247.91 seconds
[4,   300] loss: 0.270, time: 252.13 seconds
[4,   400] loss: 0.364, time: 256.41 seconds
[4,   500] loss: 0.461, time: 260.72 seconds
[4,   600] loss: 0.551, time: 265.01 seconds
[4,   700] loss: 0.644, time: 269.24 seconds
[4,   800] loss: 0.732, time: 273.52 seconds
[4,   900] loss: 0.814, time: 277.71 seconds
[4,  1000] loss: 0.901, time: 281.93 seconds
[4,  1100] loss: 0.990, time: 286.14 seconds
[4,  1200] loss: 1.080, time: 290.34 seconds
[4,  1300] loss: 1.171, time: 294.53 seconds
Epoch time 58.99
{'train_loss': [2554.4547902047634, 2525.5802685916424, 2519.354166030884, 2513.1896684765816], 'accuracy': [0.3503230437903805, 0.3503230437903805, 0.3503230437903805, 0.3503230437903805], 'recall': [0.3503230437903805, 0.3503230437903805, 0.3503230437903805, 0.3503230437903805], 'precision': [0.12272623501055685, 0.12272623501055685, 0.12272623501055685, 0.12272623501055685], 'f1': [0.18177314765518943, 0.18177314765518943, 0.18177314765518943, 0.18177314765518943], 'r2': [-1.0751933343217646, -1.0751933343217646, -1.0751933343217646, -1.0751933343217646], 'confusion_matrix': [array([[488,   0,   0,   0,   0,   0,   0],
       [170,   0,   0,   0,   0,   0,   0],
       [160,   0,   0,   0,   0,   0,   0],
       [158,   0,   0,   0,   0,   0,   0],
       [152,   0,   0,   0,   0,   0,   0],
       [144,   0,   0,   0,   0,   0,   0],
       [121,   0,   0,   0,   0,   0,   0]], dtype=int64), array([[488,   0,   0,   0,   0,   0,   0],
       [170,   0,   0,   0,   0,   0,   0],
       [160,   0,   0,   0,   0,   0,   0],
       [158,   0,   0,   0,   0,   0,   0],
       [152,   0,   0,   0,   0,   0,   0],
       [144,   0,   0,   0,   0,   0,   0],
       [121,   0,   0,   0,   0,   0,   0]], dtype=int64), array([[488,   0,   0,   0,   0,   0,   0],
       [170,   0,   0,   0,   0,   0,   0],
       [160,   0,   0,   0,   0,   0,   0],
       [158,   0,   0,   0,   0,   0,   0],
       [152,   0,   0,   0,   0,   0,   0],
       [144,   0,   0,   0,   0,   0,   0],
       [121,   0,   0,   0,   0,   0,   0]], dtype=int64), array([[488,   0,   0,   0,   0,   0,   0],
       [170,   0,   0,   0,   0,   0,   0],
       [160,   0,   0,   0,   0,   0,   0],
       [158,   0,   0,   0,   0,   0,   0],
       [152,   0,   0,   0,   0,   0,   0],
       [144,   0,   0,   0,   0,   0,   0],
       [121,   0,   0,   0,   0,   0,   0]], dtype=int64)], 'roc_auc_micro': [0.6210217755443886, 0.6210217755443886, 0.6210217755443886, 0.6210217755443886], 'roc_auc_macro': [0.5, 0.5, 0.5, 0.5]}
[5,   100] loss: 0.093, time: 316.79 seconds
[5,   200] loss: 0.183, time: 320.99 seconds
[5,   300] loss: 0.277, time: 325.13 seconds
[5,   400] loss: 0.368, time: 329.26 seconds
[5,   500] loss: 0.455, time: 333.38 seconds
[5,   600] loss: 0.543, time: 337.53 seconds
[5,   700] loss: 0.632, time: 341.85 seconds
[5,   800] loss: 0.724, time: 346.03 seconds
[5,   900] loss: 0.812, time: 350.24 seconds
[5,  1000] loss: 0.901, time: 354.52 seconds
[5,  1100] loss: 0.988, time: 358.75 seconds
[5,  1200] loss: 1.082, time: 362.92 seconds
[5,  1300] loss: 1.171, time: 367.04 seconds
Epoch time 58.18
{'train_loss': [2554.4547902047634, 2525.5802685916424, 2519.354166030884, 2513.1896684765816, 2507.1929346323013], 'accuracy': [0.3503230437903805, 0.3503230437903805, 0.3503230437903805, 0.3503230437903805, 0.3503230437903805], 'recall': [0.3503230437903805, 0.3503230437903805, 0.3503230437903805, 0.3503230437903805, 0.3503230437903805], 'precision': [0.12272623501055685, 0.12272623501055685, 0.12272623501055685, 0.12272623501055685, 0.12272623501055685], 'f1': [0.18177314765518943, 0.18177314765518943, 0.18177314765518943, 0.18177314765518943, 0.18177314765518943], 'r2': [-1.0751933343217646, -1.0751933343217646, -1.0751933343217646, -1.0751933343217646, -1.0751933343217646], 'confusion_matrix': [array([[488,   0,   0,   0,   0,   0,   0],
       [170,   0,   0,   0,   0,   0,   0],
       [160,   0,   0,   0,   0,   0,   0],
       [158,   0,   0,   0,   0,   0,   0],
       [152,   0,   0,   0,   0,   0,   0],
       [144,   0,   0,   0,   0,   0,   0],
       [121,   0,   0,   0,   0,   0,   0]], dtype=int64), array([[488,   0,   0,   0,   0,   0,   0],
       [170,   0,   0,   0,   0,   0,   0],
       [160,   0,   0,   0,   0,   0,   0],
       [158,   0,   0,   0,   0,   0,   0],
       [152,   0,   0,   0,   0,   0,   0],
       [144,   0,   0,   0,   0,   0,   0],
       [121,   0,   0,   0,   0,   0,   0]], dtype=int64), array([[488,   0,   0,   0,   0,   0,   0],
       [170,   0,   0,   0,   0,   0,   0],
       [160,   0,   0,   0,   0,   0,   0],
       [158,   0,   0,   0,   0,   0,   0],
       [152,   0,   0,   0,   0,   0,   0],
       [144,   0,   0,   0,   0,   0,   0],
       [121,   0,   0,   0,   0,   0,   0]], dtype=int64), array([[488,   0,   0,   0,   0,   0,   0],
       [170,   0,   0,   0,   0,   0,   0],
       [160,   0,   0,   0,   0,   0,   0],
       [158,   0,   0,   0,   0,   0,   0],
       [152,   0,   0,   0,   0,   0,   0],
       [144,   0,   0,   0,   0,   0,   0],
       [121,   0,   0,   0,   0,   0,   0]], dtype=int64), array([[488,   0,   0,   0,   0,   0,   0],
       [170,   0,   0,   0,   0,   0,   0],
       [160,   0,   0,   0,   0,   0,   0],
       [158,   0,   0,   0,   0,   0,   0],
       [152,   0,   0,   0,   0,   0,   0],
       [144,   0,   0,   0,   0,   0,   0],
       [121,   0,   0,   0,   0,   0,   0]], dtype=int64)], 'roc_auc_micro': [0.6210217755443886, 0.6210217755443886, 0.6210217755443886, 0.6210217755443886, 0.6210217755443886], 'roc_auc_macro': [0.5, 0.5, 0.5, 0.5, 0.5]}
[6,   100] loss: 0.093, time: 389.06 seconds
[6,   200] loss: 0.179, time: 393.15 seconds
[6,   300] loss: 0.272, time: 397.21 seconds
[6,   400] loss: 0.363, time: 401.37 seconds
[6,   500] loss: 0.452, time: 405.39 seconds
[6,   600] loss: 0.538, time: 409.42 seconds
[6,   700] loss: 0.625, time: 413.46 seconds
[6,   800] loss: 0.718, time: 417.53 seconds
[6,   900] loss: 0.806, time: 421.61 seconds
[6,  1000] loss: 0.889, time: 425.67 seconds
[6,  1100] loss: 0.979, time: 429.78 seconds
[6,  1200] loss: 1.066, time: 433.87 seconds
[6,  1300] loss: 1.154, time: 438.01 seconds
Epoch time 56.82
{'train_loss': [2554.4547902047634, 2525.5802685916424, 2519.354166030884, 2513.1896684765816, 2507.1929346323013, 2468.642673790455], 'accuracy': [0.3503230437903805, 0.3503230437903805, 0.3503230437903805, 0.3503230437903805, 0.3503230437903805, 0.3539124192390524], 'recall': [0.3503230437903805, 0.3503230437903805, 0.3503230437903805, 0.3503230437903805, 0.3503230437903805, 0.3539124192390524], 'precision': [0.12272623501055685, 0.12272623501055685, 0.12272623501055685, 0.12272623501055685, 0.12272623501055685, 0.27132909891717405], 'f1': [0.18177314765518943, 0.18177314765518943, 0.18177314765518943, 0.18177314765518943, 0.18177314765518943, 0.1899367262388864], 'r2': [-1.0751933343217646, -1.0751933343217646, -1.0751933343217646, -1.0751933343217646, -1.0751933343217646, -1.0636827532280622], 'confusion_matrix': [array([[488,   0,   0,   0,   0,   0,   0],
       [170,   0,   0,   0,   0,   0,   0],
       [160,   0,   0,   0,   0,   0,   0],
       [158,   0,   0,   0,   0,   0,   0],
       [152,   0,   0,   0,   0,   0,   0],
       [144,   0,   0,   0,   0,   0,   0],
       [121,   0,   0,   0,   0,   0,   0]], dtype=int64), array([[488,   0,   0,   0,   0,   0,   0],
       [170,   0,   0,   0,   0,   0,   0],
       [160,   0,   0,   0,   0,   0,   0],
       [158,   0,   0,   0,   0,   0,   0],
       [152,   0,   0,   0,   0,   0,   0],
       [144,   0,   0,   0,   0,   0,   0],
       [121,   0,   0,   0,   0,   0,   0]], dtype=int64), array([[488,   0,   0,   0,   0,   0,   0],
       [170,   0,   0,   0,   0,   0,   0],
       [160,   0,   0,   0,   0,   0,   0],
       [158,   0,   0,   0,   0,   0,   0],
       [152,   0,   0,   0,   0,   0,   0],
       [144,   0,   0,   0,   0,   0,   0],
       [121,   0,   0,   0,   0,   0,   0]], dtype=int64), array([[488,   0,   0,   0,   0,   0,   0],
       [170,   0,   0,   0,   0,   0,   0],
       [160,   0,   0,   0,   0,   0,   0],
       [158,   0,   0,   0,   0,   0,   0],
       [152,   0,   0,   0,   0,   0,   0],
       [144,   0,   0,   0,   0,   0,   0],
       [121,   0,   0,   0,   0,   0,   0]], dtype=int64), array([[488,   0,   0,   0,   0,   0,   0],
       [170,   0,   0,   0,   0,   0,   0],
       [160,   0,   0,   0,   0,   0,   0],
       [158,   0,   0,   0,   0,   0,   0],
       [152,   0,   0,   0,   0,   0,   0],
       [144,   0,   0,   0,   0,   0,   0],
       [121,   0,   0,   0,   0,   0,   0]], dtype=int64), array([[488,   0,   0,   0,   0,   0,   0],
       [170,   0,   0,   0,   0,   0,   0],
       [149,   0,   1,  10,   0,   0,   0],
       [154,   0,   0,   4,   0,   0,   0],
       [152,   0,   0,   0,   0,   0,   0],
       [144,   0,   0,   0,   0,   0,   0],
       [121,   0,   0,   0,   0,   0,   0]], dtype=int64)], 'roc_auc_micro': [0.6210217755443886, 0.6210217755443886, 0.6210217755443886, 0.6210217755443886, 0.6210217755443886, 0.6231155778894472], 'roc_auc_macro': [0.5, 0.5, 0.5, 0.5, 0.5, 0.5028602768099757]}
[7,   100] loss: 0.086, time: 460.61 seconds
[7,   200] loss: 0.171, time: 464.67 seconds
[7,   300] loss: 0.256, time: 468.76 seconds
[7,   400] loss: 0.335, time: 472.86 seconds
[7,   500] loss: 0.423, time: 476.96 seconds
[7,   600] loss: 0.507, time: 481.33 seconds
[7,   700] loss: 0.591, time: 485.56 seconds
[7,   800] loss: 0.679, time: 489.61 seconds
[7,   900] loss: 0.768, time: 493.58 seconds
[7,  1000] loss: 0.857, time: 497.55 seconds
[7,  1100] loss: 0.945, time: 501.46 seconds
[7,  1200] loss: 1.033, time: 505.38 seconds
[7,  1300] loss: 1.118, time: 509.29 seconds
Epoch time 56.51
{'train_loss': [2554.4547902047634, 2525.5802685916424, 2519.354166030884, 2513.1896684765816, 2507.1929346323013, 2468.642673790455, 2383.0259818583727], 'accuracy': [0.3503230437903805, 0.3503230437903805, 0.3503230437903805, 0.3503230437903805, 0.3503230437903805, 0.3539124192390524, 0.4113424264178033], 'recall': [0.3503230437903805, 0.3503230437903805, 0.3503230437903805, 0.3503230437903805, 0.3503230437903805, 0.3539124192390524, 0.4113424264178033], 'precision': [0.12272623501055685, 0.12272623501055685, 0.12272623501055685, 0.12272623501055685, 0.12272623501055685, 0.27132909891717405, 0.36012777484756764], 'f1': [0.18177314765518943, 0.18177314765518943, 0.18177314765518943, 0.18177314765518943, 0.18177314765518943, 0.1899367262388864, 0.31836015285557145], 'r2': [-1.0751933343217646, -1.0751933343217646, -1.0751933343217646, -1.0751933343217646, -1.0751933343217646, -1.0636827532280622, -0.7991038249456754], 'confusion_matrix': [array([[488,   0,   0,   0,   0,   0,   0],
       [170,   0,   0,   0,   0,   0,   0],
       [160,   0,   0,   0,   0,   0,   0],
       [158,   0,   0,   0,   0,   0,   0],
       [152,   0,   0,   0,   0,   0,   0],
       [144,   0,   0,   0,   0,   0,   0],
       [121,   0,   0,   0,   0,   0,   0]], dtype=int64), array([[488,   0,   0,   0,   0,   0,   0],
       [170,   0,   0,   0,   0,   0,   0],
       [160,   0,   0,   0,   0,   0,   0],
       [158,   0,   0,   0,   0,   0,   0],
       [152,   0,   0,   0,   0,   0,   0],
       [144,   0,   0,   0,   0,   0,   0],
       [121,   0,   0,   0,   0,   0,   0]], dtype=int64), array([[488,   0,   0,   0,   0,   0,   0],
       [170,   0,   0,   0,   0,   0,   0],
       [160,   0,   0,   0,   0,   0,   0],
       [158,   0,   0,   0,   0,   0,   0],
       [152,   0,   0,   0,   0,   0,   0],
       [144,   0,   0,   0,   0,   0,   0],
       [121,   0,   0,   0,   0,   0,   0]], dtype=int64), array([[488,   0,   0,   0,   0,   0,   0],
       [170,   0,   0,   0,   0,   0,   0],
       [160,   0,   0,   0,   0,   0,   0],
       [158,   0,   0,   0,   0,   0,   0],
       [152,   0,   0,   0,   0,   0,   0],
       [144,   0,   0,   0,   0,   0,   0],
       [121,   0,   0,   0,   0,   0,   0]], dtype=int64), array([[488,   0,   0,   0,   0,   0,   0],
       [170,   0,   0,   0,   0,   0,   0],
       [160,   0,   0,   0,   0,   0,   0],
       [158,   0,   0,   0,   0,   0,   0],
       [152,   0,   0,   0,   0,   0,   0],
       [144,   0,   0,   0,   0,   0,   0],
       [121,   0,   0,   0,   0,   0,   0]], dtype=int64), array([[488,   0,   0,   0,   0,   0,   0],
       [170,   0,   0,   0,   0,   0,   0],
       [149,   0,   1,  10,   0,   0,   0],
       [154,   0,   0,   4,   0,   0,   0],
       [152,   0,   0,   0,   0,   0,   0],
       [144,   0,   0,   0,   0,   0,   0],
       [121,   0,   0,   0,   0,   0,   0]], dtype=int64), array([[435,   6,  40,   0,   0,   7,   0],
       [114,  41,   3,   0,   0,   9,   3],
       [ 98,   0,  62,   0,   0,   0,   0],
       [112,   0,  46,   0,   0,   0,   0],
       [136,   1,   1,   0,   0,  11,   3],
       [103,   2,   3,   0,   0,  29,   7],
       [110,   0,   0,   0,   0,   5,   6]], dtype=int64)], 'roc_auc_micro': [0.6210217755443886, 0.6210217755443886, 0.6210217755443886, 0.6210217755443886, 0.6210217755443886, 0.6231155778894472, 0.6566164154103851], 'roc_auc_macro': [0.5, 0.5, 0.5, 0.5, 0.5, 0.5028602768099757, 0.5649124145563548]}
[8,   100] loss: 0.082, time: 531.03 seconds
[8,   200] loss: 0.162, time: 535.08 seconds
[8,   300] loss: 0.243, time: 539.20 seconds
[8,   400] loss: 0.319, time: 543.41 seconds
[8,   500] loss: 0.406, time: 547.76 seconds
[8,   600] loss: 0.496, time: 552.00 seconds
[8,   700] loss: 0.576, time: 556.21 seconds
[8,   800] loss: 0.662, time: 560.44 seconds
[8,   900] loss: 0.746, time: 564.68 seconds
[8,  1000] loss: 0.824, time: 568.90 seconds
[8,  1100] loss: 0.908, time: 573.12 seconds
[8,  1200] loss: 0.984, time: 577.33 seconds
[8,  1300] loss: 1.064, time: 581.54 seconds
Epoch time 58.41
{'train_loss': [2554.4547902047634, 2525.5802685916424, 2519.354166030884, 2513.1896684765816, 2507.1929346323013, 2468.642673790455, 2383.0259818583727, 2270.879336897284], 'accuracy': [0.3503230437903805, 0.3503230437903805, 0.3503230437903805, 0.3503230437903805, 0.3503230437903805, 0.3539124192390524, 0.4113424264178033, 0.4278535534816942], 'recall': [0.3503230437903805, 0.3503230437903805, 0.3503230437903805, 0.3503230437903805, 0.3503230437903805, 0.3539124192390524, 0.4113424264178033, 0.4278535534816942], 'precision': [0.12272623501055685, 0.12272623501055685, 0.12272623501055685, 0.12272623501055685, 0.12272623501055685, 0.27132909891717405, 0.36012777484756764, 0.3495129702926783], 'f1': [0.18177314765518943, 0.18177314765518943, 0.18177314765518943, 0.18177314765518943, 0.18177314765518943, 0.1899367262388864, 0.31836015285557145, 0.3578673408869697], 'r2': [-1.0751933343217646, -1.0751933343217646, -1.0751933343217646, -1.0751933343217646, -1.0751933343217646, -1.0636827532280622, -0.7991038249456754, -0.48585158232420467], 'confusion_matrix': [array([[488,   0,   0,   0,   0,   0,   0],
       [170,   0,   0,   0,   0,   0,   0],
       [160,   0,   0,   0,   0,   0,   0],
       [158,   0,   0,   0,   0,   0,   0],
       [152,   0,   0,   0,   0,   0,   0],
       [144,   0,   0,   0,   0,   0,   0],
       [121,   0,   0,   0,   0,   0,   0]], dtype=int64), array([[488,   0,   0,   0,   0,   0,   0],
       [170,   0,   0,   0,   0,   0,   0],
       [160,   0,   0,   0,   0,   0,   0],
       [158,   0,   0,   0,   0,   0,   0],
       [152,   0,   0,   0,   0,   0,   0],
       [144,   0,   0,   0,   0,   0,   0],
       [121,   0,   0,   0,   0,   0,   0]], dtype=int64), array([[488,   0,   0,   0,   0,   0,   0],
       [170,   0,   0,   0,   0,   0,   0],
       [160,   0,   0,   0,   0,   0,   0],
       [158,   0,   0,   0,   0,   0,   0],
       [152,   0,   0,   0,   0,   0,   0],
       [144,   0,   0,   0,   0,   0,   0],
       [121,   0,   0,   0,   0,   0,   0]], dtype=int64), array([[488,   0,   0,   0,   0,   0,   0],
       [170,   0,   0,   0,   0,   0,   0],
       [160,   0,   0,   0,   0,   0,   0],
       [158,   0,   0,   0,   0,   0,   0],
       [152,   0,   0,   0,   0,   0,   0],
       [144,   0,   0,   0,   0,   0,   0],
       [121,   0,   0,   0,   0,   0,   0]], dtype=int64), array([[488,   0,   0,   0,   0,   0,   0],
       [170,   0,   0,   0,   0,   0,   0],
       [160,   0,   0,   0,   0,   0,   0],
       [158,   0,   0,   0,   0,   0,   0],
       [152,   0,   0,   0,   0,   0,   0],
       [144,   0,   0,   0,   0,   0,   0],
       [121,   0,   0,   0,   0,   0,   0]], dtype=int64), array([[488,   0,   0,   0,   0,   0,   0],
       [170,   0,   0,   0,   0,   0,   0],
       [149,   0,   1,  10,   0,   0,   0],
       [154,   0,   0,   4,   0,   0,   0],
       [152,   0,   0,   0,   0,   0,   0],
       [144,   0,   0,   0,   0,   0,   0],
       [121,   0,   0,   0,   0,   0,   0]], dtype=int64), array([[435,   6,  40,   0,   0,   7,   0],
       [114,  41,   3,   0,   0,   9,   3],
       [ 98,   0,  62,   0,   0,   0,   0],
       [112,   0,  46,   0,   0,   0,   0],
       [136,   1,   1,   0,   0,  11,   3],
       [103,   2,   3,   0,   0,  29,   7],
       [110,   0,   0,   0,   0,   5,   6]], dtype=int64), array([[370,  26,  55,  13,   0,  24,   0],
       [ 87,  73,   1,   0,   0,   9,   0],
       [ 75,   0,  82,   1,   0,   2,   0],
       [ 89,   0,  57,  12,   0,   0,   0],
       [ 94,   4,  11,   2,   0,  41,   0],
       [ 74,   6,   2,   3,   0,  59,   0],
       [ 77,   8,   3,   1,   0,  32,   0]], dtype=int64)], 'roc_auc_micro': [0.6210217755443886, 0.6210217755443886, 0.6210217755443886, 0.6210217755443886, 0.6210217755443886, 0.6231155778894472, 0.6566164154103851, 0.6662479061976548], 'roc_auc_macro': [0.5, 0.5, 0.5, 0.5, 0.5, 0.5028602768099757, 0.5649124145563548, 0.5996035923669291]}
[9,   100] loss: 0.079, time: 603.30 seconds
[9,   200] loss: 0.160, time: 607.39 seconds
[9,   300] loss: 0.239, time: 611.42 seconds
[9,   400] loss: 0.313, time: 615.44 seconds
[9,   500] loss: 0.392, time: 619.48 seconds
[9,   600] loss: 0.472, time: 623.50 seconds
[9,   700] loss: 0.547, time: 627.52 seconds
[9,   800] loss: 0.621, time: 631.51 seconds
[9,   900] loss: 0.695, time: 635.49 seconds
[9,  1000] loss: 0.771, time: 639.45 seconds
[9,  1100] loss: 0.843, time: 643.46 seconds
[9,  1200] loss: 0.907, time: 647.45 seconds
[9,  1300] loss: 0.980, time: 651.53 seconds
Epoch time 55.98
{'train_loss': [2554.4547902047634, 2525.5802685916424, 2519.354166030884, 2513.1896684765816, 2507.1929346323013, 2468.642673790455, 2383.0259818583727, 2270.879336897284, 2094.4190389246214], 'accuracy': [0.3503230437903805, 0.3503230437903805, 0.3503230437903805, 0.3503230437903805, 0.3503230437903805, 0.3539124192390524, 0.4113424264178033, 0.4278535534816942, 0.48887293610911703], 'recall': [0.3503230437903805, 0.3503230437903805, 0.3503230437903805, 0.3503230437903805, 0.3503230437903805, 0.3539124192390524, 0.4113424264178033, 0.4278535534816942, 0.48887293610911703], 'precision': [0.12272623501055685, 0.12272623501055685, 0.12272623501055685, 0.12272623501055685, 0.12272623501055685, 0.27132909891717405, 0.36012777484756764, 0.3495129702926783, 0.4835982612349758], 'f1': [0.18177314765518943, 0.18177314765518943, 0.18177314765518943, 0.18177314765518943, 0.18177314765518943, 0.1899367262388864, 0.31836015285557145, 0.3578673408869697, 0.4620651651103025], 'r2': [-1.0751933343217646, -1.0751933343217646, -1.0751933343217646, -1.0751933343217646, -1.0751933343217646, -1.0636827532280622, -0.7991038249456754, -0.48585158232420467, -0.4601994301725252], 'confusion_matrix': [array([[488,   0,   0,   0,   0,   0,   0],
       [170,   0,   0,   0,   0,   0,   0],
       [160,   0,   0,   0,   0,   0,   0],
       [158,   0,   0,   0,   0,   0,   0],
       [152,   0,   0,   0,   0,   0,   0],
       [144,   0,   0,   0,   0,   0,   0],
       [121,   0,   0,   0,   0,   0,   0]], dtype=int64), array([[488,   0,   0,   0,   0,   0,   0],
       [170,   0,   0,   0,   0,   0,   0],
       [160,   0,   0,   0,   0,   0,   0],
       [158,   0,   0,   0,   0,   0,   0],
       [152,   0,   0,   0,   0,   0,   0],
       [144,   0,   0,   0,   0,   0,   0],
       [121,   0,   0,   0,   0,   0,   0]], dtype=int64), array([[488,   0,   0,   0,   0,   0,   0],
       [170,   0,   0,   0,   0,   0,   0],
       [160,   0,   0,   0,   0,   0,   0],
       [158,   0,   0,   0,   0,   0,   0],
       [152,   0,   0,   0,   0,   0,   0],
       [144,   0,   0,   0,   0,   0,   0],
       [121,   0,   0,   0,   0,   0,   0]], dtype=int64), array([[488,   0,   0,   0,   0,   0,   0],
       [170,   0,   0,   0,   0,   0,   0],
       [160,   0,   0,   0,   0,   0,   0],
       [158,   0,   0,   0,   0,   0,   0],
       [152,   0,   0,   0,   0,   0,   0],
       [144,   0,   0,   0,   0,   0,   0],
       [121,   0,   0,   0,   0,   0,   0]], dtype=int64), array([[488,   0,   0,   0,   0,   0,   0],
       [170,   0,   0,   0,   0,   0,   0],
       [160,   0,   0,   0,   0,   0,   0],
       [158,   0,   0,   0,   0,   0,   0],
       [152,   0,   0,   0,   0,   0,   0],
       [144,   0,   0,   0,   0,   0,   0],
       [121,   0,   0,   0,   0,   0,   0]], dtype=int64), array([[488,   0,   0,   0,   0,   0,   0],
       [170,   0,   0,   0,   0,   0,   0],
       [149,   0,   1,  10,   0,   0,   0],
       [154,   0,   0,   4,   0,   0,   0],
       [152,   0,   0,   0,   0,   0,   0],
       [144,   0,   0,   0,   0,   0,   0],
       [121,   0,   0,   0,   0,   0,   0]], dtype=int64), array([[435,   6,  40,   0,   0,   7,   0],
       [114,  41,   3,   0,   0,   9,   3],
       [ 98,   0,  62,   0,   0,   0,   0],
       [112,   0,  46,   0,   0,   0,   0],
       [136,   1,   1,   0,   0,  11,   3],
       [103,   2,   3,   0,   0,  29,   7],
       [110,   0,   0,   0,   0,   5,   6]], dtype=int64), array([[370,  26,  55,  13,   0,  24,   0],
       [ 87,  73,   1,   0,   0,   9,   0],
       [ 75,   0,  82,   1,   0,   2,   0],
       [ 89,   0,  57,  12,   0,   0,   0],
       [ 94,   4,  11,   2,   0,  41,   0],
       [ 74,   6,   2,   3,   0,  59,   0],
       [ 77,   8,   3,   1,   0,  32,   0]], dtype=int64), array([[380,  25,  19,  10,  32,  11,  11],
       [ 57,  94,   0,   0,   9,   0,  10],
       [ 64,   0,  66,  27,   0,   1,   2],
       [ 73,   2,  25,  53,   2,   3,   0],
       [ 84,   5,   2,   0,  36,  21,   4],
       [ 62,   7,   2,   0,  25,  40,   8],
       [ 73,  10,   0,   0,  13,  13,  12]], dtype=int64)], 'roc_auc_micro': [0.6210217755443886, 0.6210217755443886, 0.6210217755443886, 0.6210217755443886, 0.6210217755443886, 0.6231155778894472, 0.6566164154103851, 0.6662479061976548, 0.7018425460636516], 'roc_auc_macro': [0.5, 0.5, 0.5, 0.5, 0.5, 0.5028602768099757, 0.5649124145563548, 0.5996035923669291, 0.6425743689417407]}
[10,   100] loss: 0.070, time: 673.05 seconds
[10,   200] loss: 0.131, time: 677.09 seconds
[10,   300] loss: 0.210, time: 681.16 seconds
[10,   400] loss: 0.278, time: 685.25 seconds
[10,   500] loss: 0.349, time: 689.32 seconds
[10,   600] loss: 0.415, time: 693.43 seconds
[10,   700] loss: 0.475, time: 697.55 seconds
[10,   800] loss: 0.546, time: 701.72 seconds
[10,   900] loss: 0.611, time: 705.80 seconds
[10,  1000] loss: 0.677, time: 709.92 seconds
[10,  1100] loss: 0.747, time: 714.06 seconds
[10,  1200] loss: 0.815, time: 718.20 seconds
[10,  1300] loss: 0.888, time: 722.36 seconds
Epoch time 57.15
{'train_loss': [2554.4547902047634, 2525.5802685916424, 2519.354166030884, 2513.1896684765816, 2507.1929346323013, 2468.642673790455, 2383.0259818583727, 2270.879336897284, 2094.4190389246214, 1888.590369119891], 'accuracy': [0.3503230437903805, 0.3503230437903805, 0.3503230437903805, 0.3503230437903805, 0.3503230437903805, 0.3539124192390524, 0.4113424264178033, 0.4278535534816942, 0.48887293610911703, 0.5671213208901651], 'recall': [0.3503230437903805, 0.3503230437903805, 0.3503230437903805, 0.3503230437903805, 0.3503230437903805, 0.3539124192390524, 0.4113424264178033, 0.4278535534816942, 0.48887293610911703, 0.5671213208901651], 'precision': [0.12272623501055685, 0.12272623501055685, 0.12272623501055685, 0.12272623501055685, 0.12272623501055685, 0.27132909891717405, 0.36012777484756764, 0.3495129702926783, 0.4835982612349758, 0.5955449476794493], 'f1': [0.18177314765518943, 0.18177314765518943, 0.18177314765518943, 0.18177314765518943, 0.18177314765518943, 0.1899367262388864, 0.31836015285557145, 0.3578673408869697, 0.4620651651103025, 0.5246602734395948], 'r2': [-1.0751933343217646, -1.0751933343217646, -1.0751933343217646, -1.0751933343217646, -1.0751933343217646, -1.0636827532280622, -0.7991038249456754, -0.48585158232420467, -0.4601994301725252, -0.14250739198634066], 'confusion_matrix': [array([[488,   0,   0,   0,   0,   0,   0],
       [170,   0,   0,   0,   0,   0,   0],
       [160,   0,   0,   0,   0,   0,   0],
       [158,   0,   0,   0,   0,   0,   0],
       [152,   0,   0,   0,   0,   0,   0],
       [144,   0,   0,   0,   0,   0,   0],
       [121,   0,   0,   0,   0,   0,   0]], dtype=int64), array([[488,   0,   0,   0,   0,   0,   0],
       [170,   0,   0,   0,   0,   0,   0],
       [160,   0,   0,   0,   0,   0,   0],
       [158,   0,   0,   0,   0,   0,   0],
       [152,   0,   0,   0,   0,   0,   0],
       [144,   0,   0,   0,   0,   0,   0],
       [121,   0,   0,   0,   0,   0,   0]], dtype=int64), array([[488,   0,   0,   0,   0,   0,   0],
       [170,   0,   0,   0,   0,   0,   0],
       [160,   0,   0,   0,   0,   0,   0],
       [158,   0,   0,   0,   0,   0,   0],
       [152,   0,   0,   0,   0,   0,   0],
       [144,   0,   0,   0,   0,   0,   0],
       [121,   0,   0,   0,   0,   0,   0]], dtype=int64), array([[488,   0,   0,   0,   0,   0,   0],
       [170,   0,   0,   0,   0,   0,   0],
       [160,   0,   0,   0,   0,   0,   0],
       [158,   0,   0,   0,   0,   0,   0],
       [152,   0,   0,   0,   0,   0,   0],
       [144,   0,   0,   0,   0,   0,   0],
       [121,   0,   0,   0,   0,   0,   0]], dtype=int64), array([[488,   0,   0,   0,   0,   0,   0],
       [170,   0,   0,   0,   0,   0,   0],
       [160,   0,   0,   0,   0,   0,   0],
       [158,   0,   0,   0,   0,   0,   0],
       [152,   0,   0,   0,   0,   0,   0],
       [144,   0,   0,   0,   0,   0,   0],
       [121,   0,   0,   0,   0,   0,   0]], dtype=int64), array([[488,   0,   0,   0,   0,   0,   0],
       [170,   0,   0,   0,   0,   0,   0],
       [149,   0,   1,  10,   0,   0,   0],
       [154,   0,   0,   4,   0,   0,   0],
       [152,   0,   0,   0,   0,   0,   0],
       [144,   0,   0,   0,   0,   0,   0],
       [121,   0,   0,   0,   0,   0,   0]], dtype=int64), array([[435,   6,  40,   0,   0,   7,   0],
       [114,  41,   3,   0,   0,   9,   3],
       [ 98,   0,  62,   0,   0,   0,   0],
       [112,   0,  46,   0,   0,   0,   0],
       [136,   1,   1,   0,   0,  11,   3],
       [103,   2,   3,   0,   0,  29,   7],
       [110,   0,   0,   0,   0,   5,   6]], dtype=int64), array([[370,  26,  55,  13,   0,  24,   0],
       [ 87,  73,   1,   0,   0,   9,   0],
       [ 75,   0,  82,   1,   0,   2,   0],
       [ 89,   0,  57,  12,   0,   0,   0],
       [ 94,   4,  11,   2,   0,  41,   0],
       [ 74,   6,   2,   3,   0,  59,   0],
       [ 77,   8,   3,   1,   0,  32,   0]], dtype=int64), array([[380,  25,  19,  10,  32,  11,  11],
       [ 57,  94,   0,   0,   9,   0,  10],
       [ 64,   0,  66,  27,   0,   1,   2],
       [ 73,   2,  25,  53,   2,   3,   0],
       [ 84,   5,   2,   0,  36,  21,   4],
       [ 62,   7,   2,   0,  25,  40,   8],
       [ 73,  10,   0,   0,  13,  13,  12]], dtype=int64), array([[415,  42,  12,   5,   3,   2,   9],
       [ 27, 119,   0,   3,   1,   0,  20],
       [ 43,   1, 113,   2,   0,   0,   1],
       [ 73,   0,  61,  23,   0,   1,   0],
       [ 76,  17,   0,   0,  25,  14,  20],
       [ 47,  12,   1,   0,   7,  42,  35],
       [ 38,  27,   0,   0,   1,   2,  53]], dtype=int64)], 'roc_auc_micro': [0.6210217755443886, 0.6210217755443886, 0.6210217755443886, 0.6210217755443886, 0.6210217755443886, 0.6231155778894472, 0.6566164154103851, 0.6662479061976548, 0.7018425460636516, 0.7474874371859297], 'roc_auc_macro': [0.5, 0.5, 0.5, 0.5, 0.5, 0.5028602768099757, 0.5649124145563548, 0.5996035923669291, 0.6425743689417407, 0.6942647978295193]}
[11,   100] loss: 0.060, time: 744.34 seconds
[11,   200] loss: 0.124, time: 748.53 seconds
[11,   300] loss: 0.186, time: 752.72 seconds
[11,   400] loss: 0.254, time: 757.17 seconds
[11,   500] loss: 0.307, time: 761.41 seconds
[11,   600] loss: 0.372, time: 765.65 seconds
[11,   700] loss: 0.428, time: 769.87 seconds
[11,   800] loss: 0.486, time: 774.10 seconds
[11,   900] loss: 0.539, time: 778.37 seconds
[11,  1000] loss: 0.606, time: 782.61 seconds
[11,  1100] loss: 0.660, time: 786.85 seconds
[11,  1200] loss: 0.719, time: 791.09 seconds
[11,  1300] loss: 0.781, time: 795.32 seconds
Epoch time 59.15
{'train_loss': [2554.4547902047634, 2525.5802685916424, 2519.354166030884, 2513.1896684765816, 2507.1929346323013, 2468.642673790455, 2383.0259818583727, 2270.879336897284, 2094.4190389246214, 1888.590369119891, 1658.4216442641336], 'accuracy': [0.3503230437903805, 0.3503230437903805, 0.3503230437903805, 0.3503230437903805, 0.3503230437903805, 0.3539124192390524, 0.4113424264178033, 0.4278535534816942, 0.48887293610911703, 0.5671213208901651, 0.6209619526202441], 'recall': [0.3503230437903805, 0.3503230437903805, 0.3503230437903805, 0.3503230437903805, 0.3503230437903805, 0.3539124192390524, 0.4113424264178033, 0.4278535534816942, 0.48887293610911703, 0.5671213208901651, 0.6209619526202441], 'precision': [0.12272623501055685, 0.12272623501055685, 0.12272623501055685, 0.12272623501055685, 0.12272623501055685, 0.27132909891717405, 0.36012777484756764, 0.3495129702926783, 0.4835982612349758, 0.5955449476794493, 0.6759283721201552], 'f1': [0.18177314765518943, 0.18177314765518943, 0.18177314765518943, 0.18177314765518943, 0.18177314765518943, 0.1899367262388864, 0.31836015285557145, 0.3578673408869697, 0.4620651651103025, 0.5246602734395948, 0.5917178135573228], 'r2': [-1.0751933343217646, -1.0751933343217646, -1.0751933343217646, -1.0751933343217646, -1.0751933343217646, -1.0636827532280622, -0.7991038249456754, -0.48585158232420467, -0.4601994301725252, -0.14250739198634066, 0.19771249776894706], 'confusion_matrix': [array([[488,   0,   0,   0,   0,   0,   0],
       [170,   0,   0,   0,   0,   0,   0],
       [160,   0,   0,   0,   0,   0,   0],
       [158,   0,   0,   0,   0,   0,   0],
       [152,   0,   0,   0,   0,   0,   0],
       [144,   0,   0,   0,   0,   0,   0],
       [121,   0,   0,   0,   0,   0,   0]], dtype=int64), array([[488,   0,   0,   0,   0,   0,   0],
       [170,   0,   0,   0,   0,   0,   0],
       [160,   0,   0,   0,   0,   0,   0],
       [158,   0,   0,   0,   0,   0,   0],
       [152,   0,   0,   0,   0,   0,   0],
       [144,   0,   0,   0,   0,   0,   0],
       [121,   0,   0,   0,   0,   0,   0]], dtype=int64), array([[488,   0,   0,   0,   0,   0,   0],
       [170,   0,   0,   0,   0,   0,   0],
       [160,   0,   0,   0,   0,   0,   0],
       [158,   0,   0,   0,   0,   0,   0],
       [152,   0,   0,   0,   0,   0,   0],
       [144,   0,   0,   0,   0,   0,   0],
       [121,   0,   0,   0,   0,   0,   0]], dtype=int64), array([[488,   0,   0,   0,   0,   0,   0],
       [170,   0,   0,   0,   0,   0,   0],
       [160,   0,   0,   0,   0,   0,   0],
       [158,   0,   0,   0,   0,   0,   0],
       [152,   0,   0,   0,   0,   0,   0],
       [144,   0,   0,   0,   0,   0,   0],
       [121,   0,   0,   0,   0,   0,   0]], dtype=int64), array([[488,   0,   0,   0,   0,   0,   0],
       [170,   0,   0,   0,   0,   0,   0],
       [160,   0,   0,   0,   0,   0,   0],
       [158,   0,   0,   0,   0,   0,   0],
       [152,   0,   0,   0,   0,   0,   0],
       [144,   0,   0,   0,   0,   0,   0],
       [121,   0,   0,   0,   0,   0,   0]], dtype=int64), array([[488,   0,   0,   0,   0,   0,   0],
       [170,   0,   0,   0,   0,   0,   0],
       [149,   0,   1,  10,   0,   0,   0],
       [154,   0,   0,   4,   0,   0,   0],
       [152,   0,   0,   0,   0,   0,   0],
       [144,   0,   0,   0,   0,   0,   0],
       [121,   0,   0,   0,   0,   0,   0]], dtype=int64), array([[435,   6,  40,   0,   0,   7,   0],
       [114,  41,   3,   0,   0,   9,   3],
       [ 98,   0,  62,   0,   0,   0,   0],
       [112,   0,  46,   0,   0,   0,   0],
       [136,   1,   1,   0,   0,  11,   3],
       [103,   2,   3,   0,   0,  29,   7],
       [110,   0,   0,   0,   0,   5,   6]], dtype=int64), array([[370,  26,  55,  13,   0,  24,   0],
       [ 87,  73,   1,   0,   0,   9,   0],
       [ 75,   0,  82,   1,   0,   2,   0],
       [ 89,   0,  57,  12,   0,   0,   0],
       [ 94,   4,  11,   2,   0,  41,   0],
       [ 74,   6,   2,   3,   0,  59,   0],
       [ 77,   8,   3,   1,   0,  32,   0]], dtype=int64), array([[380,  25,  19,  10,  32,  11,  11],
       [ 57,  94,   0,   0,   9,   0,  10],
       [ 64,   0,  66,  27,   0,   1,   2],
       [ 73,   2,  25,  53,   2,   3,   0],
       [ 84,   5,   2,   0,  36,  21,   4],
       [ 62,   7,   2,   0,  25,  40,   8],
       [ 73,  10,   0,   0,  13,  13,  12]], dtype=int64), array([[415,  42,  12,   5,   3,   2,   9],
       [ 27, 119,   0,   3,   1,   0,  20],
       [ 43,   1, 113,   2,   0,   0,   1],
       [ 73,   0,  61,  23,   0,   1,   0],
       [ 76,  17,   0,   0,  25,  14,  20],
       [ 47,  12,   1,   0,   7,  42,  35],
       [ 38,  27,   0,   0,   1,   2,  53]], dtype=int64), array([[348,  28,  20,  50,   8,  34,   0],
       [ 11, 144,   2,   1,   0,  11,   1],
       [  6,   0,  95,  57,   0,   2,   0],
       [  9,   0,  21, 126,   0,   2,   0],
       [ 35,  14,   1,   2,  34,  66,   0],
       [ 16,   7,   1,   2,   4, 114,   0],
       [ 26,  24,   0,   2,   2,  63,   4]], dtype=int64)], 'roc_auc_micro': [0.6210217755443886, 0.6210217755443886, 0.6210217755443886, 0.6210217755443886, 0.6210217755443886, 0.6231155778894472, 0.6566164154103851, 0.6662479061976548, 0.7018425460636516, 0.7474874371859297, 0.7788944723618091], 'roc_auc_macro': [0.5, 0.5, 0.5, 0.5, 0.5, 0.5028602768099757, 0.5649124145563548, 0.5996035923669291, 0.6425743689417407, 0.6942647978295193, 0.7530652696384168]}
[12,   100] loss: 0.054, time: 817.65 seconds
[12,   200] loss: 0.109, time: 823.91 seconds
[12,   300] loss: 0.168, time: 829.06 seconds
[12,   400] loss: 0.217, time: 834.26 seconds
[12,   500] loss: 0.275, time: 839.40 seconds
[12,   600] loss: 0.330, time: 844.51 seconds
[12,   700] loss: 0.389, time: 849.62 seconds
[12,   800] loss: 0.435, time: 854.74 seconds
[12,   900] loss: 0.494, time: 859.79 seconds
[12,  1000] loss: 0.554, time: 864.89 seconds
[12,  1100] loss: 0.606, time: 870.01 seconds
[12,  1200] loss: 0.666, time: 875.08 seconds
[12,  1300] loss: 0.724, time: 880.19 seconds
Epoch time 71.65
{'train_loss': [2554.4547902047634, 2525.5802685916424, 2519.354166030884, 2513.1896684765816, 2507.1929346323013, 2468.642673790455, 2383.0259818583727, 2270.879336897284, 2094.4190389246214, 1888.590369119891, 1658.4216442641336, 1548.6287149485725], 'accuracy': [0.3503230437903805, 0.3503230437903805, 0.3503230437903805, 0.3503230437903805, 0.3503230437903805, 0.3539124192390524, 0.4113424264178033, 0.4278535534816942, 0.48887293610911703, 0.5671213208901651, 0.6209619526202441, 0.6661880832735104], 'recall': [0.3503230437903805, 0.3503230437903805, 0.3503230437903805, 0.3503230437903805, 0.3503230437903805, 0.3539124192390524, 0.4113424264178033, 0.4278535534816942, 0.48887293610911703, 0.5671213208901651, 0.6209619526202441, 0.6661880832735104], 'precision': [0.12272623501055685, 0.12272623501055685, 0.12272623501055685, 0.12272623501055685, 0.12272623501055685, 0.27132909891717405, 0.36012777484756764, 0.3495129702926783, 0.4835982612349758, 0.5955449476794493, 0.6759283721201552, 0.6973976599484927], 'f1': [0.18177314765518943, 0.18177314765518943, 0.18177314765518943, 0.18177314765518943, 0.18177314765518943, 0.1899367262388864, 0.31836015285557145, 0.3578673408869697, 0.4620651651103025, 0.5246602734395948, 0.5917178135573228, 0.6557600538224801], 'r2': [-1.0751933343217646, -1.0751933343217646, -1.0751933343217646, -1.0751933343217646, -1.0751933343217646, -1.0636827532280622, -0.7991038249456754, -0.48585158232420467, -0.4601994301725252, -0.14250739198634066, 0.19771249776894706, 0.18455754794757295], 'confusion_matrix': [array([[488,   0,   0,   0,   0,   0,   0],
       [170,   0,   0,   0,   0,   0,   0],
       [160,   0,   0,   0,   0,   0,   0],
       [158,   0,   0,   0,   0,   0,   0],
       [152,   0,   0,   0,   0,   0,   0],
       [144,   0,   0,   0,   0,   0,   0],
       [121,   0,   0,   0,   0,   0,   0]], dtype=int64), array([[488,   0,   0,   0,   0,   0,   0],
       [170,   0,   0,   0,   0,   0,   0],
       [160,   0,   0,   0,   0,   0,   0],
       [158,   0,   0,   0,   0,   0,   0],
       [152,   0,   0,   0,   0,   0,   0],
       [144,   0,   0,   0,   0,   0,   0],
       [121,   0,   0,   0,   0,   0,   0]], dtype=int64), array([[488,   0,   0,   0,   0,   0,   0],
       [170,   0,   0,   0,   0,   0,   0],
       [160,   0,   0,   0,   0,   0,   0],
       [158,   0,   0,   0,   0,   0,   0],
       [152,   0,   0,   0,   0,   0,   0],
       [144,   0,   0,   0,   0,   0,   0],
       [121,   0,   0,   0,   0,   0,   0]], dtype=int64), array([[488,   0,   0,   0,   0,   0,   0],
       [170,   0,   0,   0,   0,   0,   0],
       [160,   0,   0,   0,   0,   0,   0],
       [158,   0,   0,   0,   0,   0,   0],
       [152,   0,   0,   0,   0,   0,   0],
       [144,   0,   0,   0,   0,   0,   0],
       [121,   0,   0,   0,   0,   0,   0]], dtype=int64), array([[488,   0,   0,   0,   0,   0,   0],
       [170,   0,   0,   0,   0,   0,   0],
       [160,   0,   0,   0,   0,   0,   0],
       [158,   0,   0,   0,   0,   0,   0],
       [152,   0,   0,   0,   0,   0,   0],
       [144,   0,   0,   0,   0,   0,   0],
       [121,   0,   0,   0,   0,   0,   0]], dtype=int64), array([[488,   0,   0,   0,   0,   0,   0],
       [170,   0,   0,   0,   0,   0,   0],
       [149,   0,   1,  10,   0,   0,   0],
       [154,   0,   0,   4,   0,   0,   0],
       [152,   0,   0,   0,   0,   0,   0],
       [144,   0,   0,   0,   0,   0,   0],
       [121,   0,   0,   0,   0,   0,   0]], dtype=int64), array([[435,   6,  40,   0,   0,   7,   0],
       [114,  41,   3,   0,   0,   9,   3],
       [ 98,   0,  62,   0,   0,   0,   0],
       [112,   0,  46,   0,   0,   0,   0],
       [136,   1,   1,   0,   0,  11,   3],
       [103,   2,   3,   0,   0,  29,   7],
       [110,   0,   0,   0,   0,   5,   6]], dtype=int64), array([[370,  26,  55,  13,   0,  24,   0],
       [ 87,  73,   1,   0,   0,   9,   0],
       [ 75,   0,  82,   1,   0,   2,   0],
       [ 89,   0,  57,  12,   0,   0,   0],
       [ 94,   4,  11,   2,   0,  41,   0],
       [ 74,   6,   2,   3,   0,  59,   0],
       [ 77,   8,   3,   1,   0,  32,   0]], dtype=int64), array([[380,  25,  19,  10,  32,  11,  11],
       [ 57,  94,   0,   0,   9,   0,  10],
       [ 64,   0,  66,  27,   0,   1,   2],
       [ 73,   2,  25,  53,   2,   3,   0],
       [ 84,   5,   2,   0,  36,  21,   4],
       [ 62,   7,   2,   0,  25,  40,   8],
       [ 73,  10,   0,   0,  13,  13,  12]], dtype=int64), array([[415,  42,  12,   5,   3,   2,   9],
       [ 27, 119,   0,   3,   1,   0,  20],
       [ 43,   1, 113,   2,   0,   0,   1],
       [ 73,   0,  61,  23,   0,   1,   0],
       [ 76,  17,   0,   0,  25,  14,  20],
       [ 47,  12,   1,   0,   7,  42,  35],
       [ 38,  27,   0,   0,   1,   2,  53]], dtype=int64), array([[348,  28,  20,  50,   8,  34,   0],
       [ 11, 144,   2,   1,   0,  11,   1],
       [  6,   0,  95,  57,   0,   2,   0],
       [  9,   0,  21, 126,   0,   2,   0],
       [ 35,  14,   1,   2,  34,  66,   0],
       [ 16,   7,   1,   2,   4, 114,   0],
       [ 26,  24,   0,   2,   2,  63,   4]], dtype=int64), array([[419,   7,   3,  14,  28,   2,  15],
       [ 40,  98,   0,   1,   4,   0,  27],
       [ 40,   0, 116,   3,   1,   0,   0],
       [ 43,   0,  25,  90,   0,   0,   0],
       [ 34,   1,   0,   3,  97,   5,  12],
       [ 27,   2,   0,   5,  40,  36,  34],
       [ 21,   7,   0,   4,  16,   1,  72]], dtype=int64)], 'roc_auc_micro': [0.6210217755443886, 0.6210217755443886, 0.6210217755443886, 0.6210217755443886, 0.6210217755443886, 0.6231155778894472, 0.6566164154103851, 0.6662479061976548, 0.7018425460636516, 0.7474874371859297, 0.7788944723618091, 0.8052763819095476], 'roc_auc_macro': [0.5, 0.5, 0.5, 0.5, 0.5, 0.5028602768099757, 0.5649124145563548, 0.5996035923669291, 0.6425743689417407, 0.6942647978295193, 0.7530652696384168, 0.7698694873926858]}
[13,   100] loss: 0.050, time: 907.78 seconds
[13,   200] loss: 0.094, time: 912.91 seconds
[13,   300] loss: 0.135, time: 918.04 seconds
[13,   400] loss: 0.194, time: 923.28 seconds
[13,   500] loss: 0.249, time: 928.43 seconds
[13,   600] loss: 0.303, time: 933.72 seconds
[13,   700] loss: 0.351, time: 939.07 seconds
[13,   800] loss: 0.395, time: 944.65 seconds
[13,   900] loss: 0.437, time: 950.35 seconds
[13,  1000] loss: 0.486, time: 956.24 seconds
[13,  1100] loss: 0.532, time: 962.26 seconds
[13,  1200] loss: 0.580, time: 968.33 seconds
[13,  1300] loss: 0.625, time: 974.07 seconds
Epoch time 76.47
{'train_loss': [2554.4547902047634, 2525.5802685916424, 2519.354166030884, 2513.1896684765816, 2507.1929346323013, 2468.642673790455, 2383.0259818583727, 2270.879336897284, 2094.4190389246214, 1888.590369119891, 1658.4216442641336, 1548.6287149485725, 1352.6467921538206], 'accuracy': [0.3503230437903805, 0.3503230437903805, 0.3503230437903805, 0.3503230437903805, 0.3503230437903805, 0.3539124192390524, 0.4113424264178033, 0.4278535534816942, 0.48887293610911703, 0.5671213208901651, 0.6209619526202441, 0.6661880832735104, 0.6956209619526202], 'recall': [0.3503230437903805, 0.3503230437903805, 0.3503230437903805, 0.3503230437903805, 0.3503230437903805, 0.3539124192390524, 0.4113424264178033, 0.4278535534816942, 0.48887293610911703, 0.5671213208901651, 0.6209619526202441, 0.6661880832735104, 0.6956209619526202], 'precision': [0.12272623501055685, 0.12272623501055685, 0.12272623501055685, 0.12272623501055685, 0.12272623501055685, 0.27132909891717405, 0.36012777484756764, 0.3495129702926783, 0.4835982612349758, 0.5955449476794493, 0.6759283721201552, 0.6973976599484927, 0.7190000941425043], 'f1': [0.18177314765518943, 0.18177314765518943, 0.18177314765518943, 0.18177314765518943, 0.18177314765518943, 0.1899367262388864, 0.31836015285557145, 0.3578673408869697, 0.4620651651103025, 0.5246602734395948, 0.5917178135573228, 0.6557600538224801, 0.6917014104273503], 'r2': [-1.0751933343217646, -1.0751933343217646, -1.0751933343217646, -1.0751933343217646, -1.0751933343217646, -1.0636827532280622, -0.7991038249456754, -0.48585158232420467, -0.4601994301725252, -0.14250739198634066, 0.19771249776894706, 0.18455754794757295, 0.32054684172602776], 'confusion_matrix': [array([[488,   0,   0,   0,   0,   0,   0],
       [170,   0,   0,   0,   0,   0,   0],
       [160,   0,   0,   0,   0,   0,   0],
       [158,   0,   0,   0,   0,   0,   0],
       [152,   0,   0,   0,   0,   0,   0],
       [144,   0,   0,   0,   0,   0,   0],
       [121,   0,   0,   0,   0,   0,   0]], dtype=int64), array([[488,   0,   0,   0,   0,   0,   0],
       [170,   0,   0,   0,   0,   0,   0],
       [160,   0,   0,   0,   0,   0,   0],
       [158,   0,   0,   0,   0,   0,   0],
       [152,   0,   0,   0,   0,   0,   0],
       [144,   0,   0,   0,   0,   0,   0],
       [121,   0,   0,   0,   0,   0,   0]], dtype=int64), array([[488,   0,   0,   0,   0,   0,   0],
       [170,   0,   0,   0,   0,   0,   0],
       [160,   0,   0,   0,   0,   0,   0],
       [158,   0,   0,   0,   0,   0,   0],
       [152,   0,   0,   0,   0,   0,   0],
       [144,   0,   0,   0,   0,   0,   0],
       [121,   0,   0,   0,   0,   0,   0]], dtype=int64), array([[488,   0,   0,   0,   0,   0,   0],
       [170,   0,   0,   0,   0,   0,   0],
       [160,   0,   0,   0,   0,   0,   0],
       [158,   0,   0,   0,   0,   0,   0],
       [152,   0,   0,   0,   0,   0,   0],
       [144,   0,   0,   0,   0,   0,   0],
       [121,   0,   0,   0,   0,   0,   0]], dtype=int64), array([[488,   0,   0,   0,   0,   0,   0],
       [170,   0,   0,   0,   0,   0,   0],
       [160,   0,   0,   0,   0,   0,   0],
       [158,   0,   0,   0,   0,   0,   0],
       [152,   0,   0,   0,   0,   0,   0],
       [144,   0,   0,   0,   0,   0,   0],
       [121,   0,   0,   0,   0,   0,   0]], dtype=int64), array([[488,   0,   0,   0,   0,   0,   0],
       [170,   0,   0,   0,   0,   0,   0],
       [149,   0,   1,  10,   0,   0,   0],
       [154,   0,   0,   4,   0,   0,   0],
       [152,   0,   0,   0,   0,   0,   0],
       [144,   0,   0,   0,   0,   0,   0],
       [121,   0,   0,   0,   0,   0,   0]], dtype=int64), array([[435,   6,  40,   0,   0,   7,   0],
       [114,  41,   3,   0,   0,   9,   3],
       [ 98,   0,  62,   0,   0,   0,   0],
       [112,   0,  46,   0,   0,   0,   0],
       [136,   1,   1,   0,   0,  11,   3],
       [103,   2,   3,   0,   0,  29,   7],
       [110,   0,   0,   0,   0,   5,   6]], dtype=int64), array([[370,  26,  55,  13,   0,  24,   0],
       [ 87,  73,   1,   0,   0,   9,   0],
       [ 75,   0,  82,   1,   0,   2,   0],
       [ 89,   0,  57,  12,   0,   0,   0],
       [ 94,   4,  11,   2,   0,  41,   0],
       [ 74,   6,   2,   3,   0,  59,   0],
       [ 77,   8,   3,   1,   0,  32,   0]], dtype=int64), array([[380,  25,  19,  10,  32,  11,  11],
       [ 57,  94,   0,   0,   9,   0,  10],
       [ 64,   0,  66,  27,   0,   1,   2],
       [ 73,   2,  25,  53,   2,   3,   0],
       [ 84,   5,   2,   0,  36,  21,   4],
       [ 62,   7,   2,   0,  25,  40,   8],
       [ 73,  10,   0,   0,  13,  13,  12]], dtype=int64), array([[415,  42,  12,   5,   3,   2,   9],
       [ 27, 119,   0,   3,   1,   0,  20],
       [ 43,   1, 113,   2,   0,   0,   1],
       [ 73,   0,  61,  23,   0,   1,   0],
       [ 76,  17,   0,   0,  25,  14,  20],
       [ 47,  12,   1,   0,   7,  42,  35],
       [ 38,  27,   0,   0,   1,   2,  53]], dtype=int64), array([[348,  28,  20,  50,   8,  34,   0],
       [ 11, 144,   2,   1,   0,  11,   1],
       [  6,   0,  95,  57,   0,   2,   0],
       [  9,   0,  21, 126,   0,   2,   0],
       [ 35,  14,   1,   2,  34,  66,   0],
       [ 16,   7,   1,   2,   4, 114,   0],
       [ 26,  24,   0,   2,   2,  63,   4]], dtype=int64), array([[419,   7,   3,  14,  28,   2,  15],
       [ 40,  98,   0,   1,   4,   0,  27],
       [ 40,   0, 116,   3,   1,   0,   0],
       [ 43,   0,  25,  90,   0,   0,   0],
       [ 34,   1,   0,   3,  97,   5,  12],
       [ 27,   2,   0,   5,  40,  36,  34],
       [ 21,   7,   0,   4,  16,   1,  72]], dtype=int64), array([[361,  12,  31,   8,  34,  22,  20],
       [ 12, 148,   0,   0,   2,   5,   3],
       [  4,   0, 152,   3,   1,   0,   0],
       [ 19,   0,  70,  68,   0,   1,   0],
       [ 18,   4,   1,   0,  88,  32,   9],
       [ 10,   2,   1,   0,  19, 101,  11],
       [ 18,   9,   0,   0,   8,  35,  51]], dtype=int64)], 'roc_auc_micro': [0.6210217755443886, 0.6210217755443886, 0.6210217755443886, 0.6210217755443886, 0.6210217755443886, 0.6231155778894472, 0.6566164154103851, 0.6662479061976548, 0.7018425460636516, 0.7474874371859297, 0.7788944723618091, 0.8052763819095476, 0.8224455611390284], 'roc_auc_macro': [0.5, 0.5, 0.5, 0.5, 0.5, 0.5028602768099757, 0.5649124145563548, 0.5996035923669291, 0.6425743689417407, 0.6942647978295193, 0.7530652696384168, 0.7698694873926858, 0.8090775822490207]}
[14,   100] loss: 0.035, time: 1002.79 seconds
[14,   200] loss: 0.084, time: 1008.14 seconds
[14,   300] loss: 0.124, time: 1013.38 seconds
[14,   400] loss: 0.167, time: 1018.65 seconds
[14,   500] loss: 0.210, time: 1023.95 seconds
[14,   600] loss: 0.261, time: 1029.23 seconds
[14,   700] loss: 0.307, time: 1034.51 seconds
[14,   800] loss: 0.343, time: 1039.84 seconds
[14,   900] loss: 0.393, time: 1045.26 seconds
[14,  1000] loss: 0.436, time: 1050.61 seconds
[14,  1100] loss: 0.491, time: 1055.93 seconds
[14,  1200] loss: 0.537, time: 1061.14 seconds
[14,  1300] loss: 0.579, time: 1066.32 seconds
Epoch time 73.61
{'train_loss': [2554.4547902047634, 2525.5802685916424, 2519.354166030884, 2513.1896684765816, 2507.1929346323013, 2468.642673790455, 2383.0259818583727, 2270.879336897284, 2094.4190389246214, 1888.590369119891, 1658.4216442641336, 1548.6287149485725, 1352.6467921538206, 1230.826616730772], 'accuracy': [0.3503230437903805, 0.3503230437903805, 0.3503230437903805, 0.3503230437903805, 0.3503230437903805, 0.3539124192390524, 0.4113424264178033, 0.4278535534816942, 0.48887293610911703, 0.5671213208901651, 0.6209619526202441, 0.6661880832735104, 0.6956209619526202, 0.7358219669777458], 'recall': [0.3503230437903805, 0.3503230437903805, 0.3503230437903805, 0.3503230437903805, 0.3503230437903805, 0.3539124192390524, 0.4113424264178033, 0.4278535534816942, 0.48887293610911703, 0.5671213208901651, 0.6209619526202441, 0.6661880832735104, 0.6956209619526202, 0.7358219669777458], 'precision': [0.12272623501055685, 0.12272623501055685, 0.12272623501055685, 0.12272623501055685, 0.12272623501055685, 0.27132909891717405, 0.36012777484756764, 0.3495129702926783, 0.4835982612349758, 0.5955449476794493, 0.6759283721201552, 0.6973976599484927, 0.7190000941425043, 0.739120812990672], 'f1': [0.18177314765518943, 0.18177314765518943, 0.18177314765518943, 0.18177314765518943, 0.18177314765518943, 0.1899367262388864, 0.31836015285557145, 0.3578673408869697, 0.4620651651103025, 0.5246602734395948, 0.5917178135573228, 0.6557600538224801, 0.6917014104273503, 0.7345379428325269], 'r2': [-1.0751933343217646, -1.0751933343217646, -1.0751933343217646, -1.0751933343217646, -1.0751933343217646, -1.0636827532280622, -0.7991038249456754, -0.48585158232420467, -0.4601994301725252, -0.14250739198634066, 0.19771249776894706, 0.18455754794757295, 0.32054684172602776, 0.4032585887279174], 'confusion_matrix': [array([[488,   0,   0,   0,   0,   0,   0],
       [170,   0,   0,   0,   0,   0,   0],
       [160,   0,   0,   0,   0,   0,   0],
       [158,   0,   0,   0,   0,   0,   0],
       [152,   0,   0,   0,   0,   0,   0],
       [144,   0,   0,   0,   0,   0,   0],
       [121,   0,   0,   0,   0,   0,   0]], dtype=int64), array([[488,   0,   0,   0,   0,   0,   0],
       [170,   0,   0,   0,   0,   0,   0],
       [160,   0,   0,   0,   0,   0,   0],
       [158,   0,   0,   0,   0,   0,   0],
       [152,   0,   0,   0,   0,   0,   0],
       [144,   0,   0,   0,   0,   0,   0],
       [121,   0,   0,   0,   0,   0,   0]], dtype=int64), array([[488,   0,   0,   0,   0,   0,   0],
       [170,   0,   0,   0,   0,   0,   0],
       [160,   0,   0,   0,   0,   0,   0],
       [158,   0,   0,   0,   0,   0,   0],
       [152,   0,   0,   0,   0,   0,   0],
       [144,   0,   0,   0,   0,   0,   0],
       [121,   0,   0,   0,   0,   0,   0]], dtype=int64), array([[488,   0,   0,   0,   0,   0,   0],
       [170,   0,   0,   0,   0,   0,   0],
       [160,   0,   0,   0,   0,   0,   0],
       [158,   0,   0,   0,   0,   0,   0],
       [152,   0,   0,   0,   0,   0,   0],
       [144,   0,   0,   0,   0,   0,   0],
       [121,   0,   0,   0,   0,   0,   0]], dtype=int64), array([[488,   0,   0,   0,   0,   0,   0],
       [170,   0,   0,   0,   0,   0,   0],
       [160,   0,   0,   0,   0,   0,   0],
       [158,   0,   0,   0,   0,   0,   0],
       [152,   0,   0,   0,   0,   0,   0],
       [144,   0,   0,   0,   0,   0,   0],
       [121,   0,   0,   0,   0,   0,   0]], dtype=int64), array([[488,   0,   0,   0,   0,   0,   0],
       [170,   0,   0,   0,   0,   0,   0],
       [149,   0,   1,  10,   0,   0,   0],
       [154,   0,   0,   4,   0,   0,   0],
       [152,   0,   0,   0,   0,   0,   0],
       [144,   0,   0,   0,   0,   0,   0],
       [121,   0,   0,   0,   0,   0,   0]], dtype=int64), array([[435,   6,  40,   0,   0,   7,   0],
       [114,  41,   3,   0,   0,   9,   3],
       [ 98,   0,  62,   0,   0,   0,   0],
       [112,   0,  46,   0,   0,   0,   0],
       [136,   1,   1,   0,   0,  11,   3],
       [103,   2,   3,   0,   0,  29,   7],
       [110,   0,   0,   0,   0,   5,   6]], dtype=int64), array([[370,  26,  55,  13,   0,  24,   0],
       [ 87,  73,   1,   0,   0,   9,   0],
       [ 75,   0,  82,   1,   0,   2,   0],
       [ 89,   0,  57,  12,   0,   0,   0],
       [ 94,   4,  11,   2,   0,  41,   0],
       [ 74,   6,   2,   3,   0,  59,   0],
       [ 77,   8,   3,   1,   0,  32,   0]], dtype=int64), array([[380,  25,  19,  10,  32,  11,  11],
       [ 57,  94,   0,   0,   9,   0,  10],
       [ 64,   0,  66,  27,   0,   1,   2],
       [ 73,   2,  25,  53,   2,   3,   0],
       [ 84,   5,   2,   0,  36,  21,   4],
       [ 62,   7,   2,   0,  25,  40,   8],
       [ 73,  10,   0,   0,  13,  13,  12]], dtype=int64), array([[415,  42,  12,   5,   3,   2,   9],
       [ 27, 119,   0,   3,   1,   0,  20],
       [ 43,   1, 113,   2,   0,   0,   1],
       [ 73,   0,  61,  23,   0,   1,   0],
       [ 76,  17,   0,   0,  25,  14,  20],
       [ 47,  12,   1,   0,   7,  42,  35],
       [ 38,  27,   0,   0,   1,   2,  53]], dtype=int64), array([[348,  28,  20,  50,   8,  34,   0],
       [ 11, 144,   2,   1,   0,  11,   1],
       [  6,   0,  95,  57,   0,   2,   0],
       [  9,   0,  21, 126,   0,   2,   0],
       [ 35,  14,   1,   2,  34,  66,   0],
       [ 16,   7,   1,   2,   4, 114,   0],
       [ 26,  24,   0,   2,   2,  63,   4]], dtype=int64), array([[419,   7,   3,  14,  28,   2,  15],
       [ 40,  98,   0,   1,   4,   0,  27],
       [ 40,   0, 116,   3,   1,   0,   0],
       [ 43,   0,  25,  90,   0,   0,   0],
       [ 34,   1,   0,   3,  97,   5,  12],
       [ 27,   2,   0,   5,  40,  36,  34],
       [ 21,   7,   0,   4,  16,   1,  72]], dtype=int64), array([[361,  12,  31,   8,  34,  22,  20],
       [ 12, 148,   0,   0,   2,   5,   3],
       [  4,   0, 152,   3,   1,   0,   0],
       [ 19,   0,  70,  68,   0,   1,   0],
       [ 18,   4,   1,   0,  88,  32,   9],
       [ 10,   2,   1,   0,  19, 101,  11],
       [ 18,   9,   0,   0,   8,  35,  51]], dtype=int64), array([[373,  14,  16,  33,  24,  20,   8],
       [  7, 152,   0,   1,   1,   2,   7],
       [  8,   0, 139,  13,   0,   0,   0],
       [  7,   1,  21, 126,   1,   2,   0],
       [ 22,   4,   0,   3,  79,  32,  12],
       [ 11,   4,   0,   3,  20,  98,   8],
       [ 19,   4,   0,   0,  13,  27,  58]], dtype=int64)], 'roc_auc_micro': [0.6210217755443886, 0.6210217755443886, 0.6210217755443886, 0.6210217755443886, 0.6210217755443886, 0.6231155778894472, 0.6566164154103851, 0.6662479061976548, 0.7018425460636516, 0.7474874371859297, 0.7788944723618091, 0.8052763819095476, 0.8224455611390284, 0.8458961474036851], 'roc_auc_macro': [0.5, 0.5, 0.5, 0.5, 0.5, 0.5028602768099757, 0.5649124145563548, 0.5996035923669291, 0.6425743689417407, 0.6942647978295193, 0.7530652696384168, 0.7698694873926858, 0.8090775822490207, 0.8347166005706157]}
[15,   100] loss: 0.041, time: 1094.29 seconds
[15,   200] loss: 0.081, time: 1099.45 seconds
[15,   300] loss: 0.121, time: 1104.64 seconds
[15,   400] loss: 0.159, time: 1109.81 seconds
[15,   500] loss: 0.198, time: 1115.05 seconds
[15,   600] loss: 0.238, time: 1120.37 seconds
[15,   700] loss: 0.281, time: 1125.73 seconds
[15,   800] loss: 0.321, time: 1130.95 seconds
[15,   900] loss: 0.369, time: 1136.22 seconds
[15,  1000] loss: 0.415, time: 1141.51 seconds
[15,  1100] loss: 0.453, time: 1146.79 seconds
[15,  1200] loss: 0.494, time: 1152.04 seconds
[15,  1300] loss: 0.538, time: 1157.34 seconds
Epoch time 73.20
{'train_loss': [2554.4547902047634, 2525.5802685916424, 2519.354166030884, 2513.1896684765816, 2507.1929346323013, 2468.642673790455, 2383.0259818583727, 2270.879336897284, 2094.4190389246214, 1888.590369119891, 1658.4216442641336, 1548.6287149485725, 1352.6467921538206, 1230.826616730772, 1128.294728720999], 'accuracy': [0.3503230437903805, 0.3503230437903805, 0.3503230437903805, 0.3503230437903805, 0.3503230437903805, 0.3539124192390524, 0.4113424264178033, 0.4278535534816942, 0.48887293610911703, 0.5671213208901651, 0.6209619526202441, 0.6661880832735104, 0.6956209619526202, 0.7358219669777458, 0.7867910983488873], 'recall': [0.3503230437903805, 0.3503230437903805, 0.3503230437903805, 0.3503230437903805, 0.3503230437903805, 0.3539124192390524, 0.4113424264178033, 0.4278535534816942, 0.48887293610911703, 0.5671213208901651, 0.6209619526202441, 0.6661880832735104, 0.6956209619526202, 0.7358219669777458, 0.7867910983488873], 'precision': [0.12272623501055685, 0.12272623501055685, 0.12272623501055685, 0.12272623501055685, 0.12272623501055685, 0.27132909891717405, 0.36012777484756764, 0.3495129702926783, 0.4835982612349758, 0.5955449476794493, 0.6759283721201552, 0.6973976599484927, 0.7190000941425043, 0.739120812990672, 0.7912596485793837], 'f1': [0.18177314765518943, 0.18177314765518943, 0.18177314765518943, 0.18177314765518943, 0.18177314765518943, 0.1899367262388864, 0.31836015285557145, 0.3578673408869697, 0.4620651651103025, 0.5246602734395948, 0.5917178135573228, 0.6557600538224801, 0.6917014104273503, 0.7345379428325269, 0.7828923601921478], 'r2': [-1.0751933343217646, -1.0751933343217646, -1.0751933343217646, -1.0751933343217646, -1.0751933343217646, -1.0636827532280622, -0.7991038249456754, -0.48585158232420467, -0.4601994301725252, -0.14250739198634066, 0.19771249776894706, 0.18455754794757295, 0.32054684172602776, 0.4032585887279174, 0.4662379109977459], 'confusion_matrix': [array([[488,   0,   0,   0,   0,   0,   0],
       [170,   0,   0,   0,   0,   0,   0],
       [160,   0,   0,   0,   0,   0,   0],
       [158,   0,   0,   0,   0,   0,   0],
       [152,   0,   0,   0,   0,   0,   0],
       [144,   0,   0,   0,   0,   0,   0],
       [121,   0,   0,   0,   0,   0,   0]], dtype=int64), array([[488,   0,   0,   0,   0,   0,   0],
       [170,   0,   0,   0,   0,   0,   0],
       [160,   0,   0,   0,   0,   0,   0],
       [158,   0,   0,   0,   0,   0,   0],
       [152,   0,   0,   0,   0,   0,   0],
       [144,   0,   0,   0,   0,   0,   0],
       [121,   0,   0,   0,   0,   0,   0]], dtype=int64), array([[488,   0,   0,   0,   0,   0,   0],
       [170,   0,   0,   0,   0,   0,   0],
       [160,   0,   0,   0,   0,   0,   0],
       [158,   0,   0,   0,   0,   0,   0],
       [152,   0,   0,   0,   0,   0,   0],
       [144,   0,   0,   0,   0,   0,   0],
       [121,   0,   0,   0,   0,   0,   0]], dtype=int64), array([[488,   0,   0,   0,   0,   0,   0],
       [170,   0,   0,   0,   0,   0,   0],
       [160,   0,   0,   0,   0,   0,   0],
       [158,   0,   0,   0,   0,   0,   0],
       [152,   0,   0,   0,   0,   0,   0],
       [144,   0,   0,   0,   0,   0,   0],
       [121,   0,   0,   0,   0,   0,   0]], dtype=int64), array([[488,   0,   0,   0,   0,   0,   0],
       [170,   0,   0,   0,   0,   0,   0],
       [160,   0,   0,   0,   0,   0,   0],
       [158,   0,   0,   0,   0,   0,   0],
       [152,   0,   0,   0,   0,   0,   0],
       [144,   0,   0,   0,   0,   0,   0],
       [121,   0,   0,   0,   0,   0,   0]], dtype=int64), array([[488,   0,   0,   0,   0,   0,   0],
       [170,   0,   0,   0,   0,   0,   0],
       [149,   0,   1,  10,   0,   0,   0],
       [154,   0,   0,   4,   0,   0,   0],
       [152,   0,   0,   0,   0,   0,   0],
       [144,   0,   0,   0,   0,   0,   0],
       [121,   0,   0,   0,   0,   0,   0]], dtype=int64), array([[435,   6,  40,   0,   0,   7,   0],
       [114,  41,   3,   0,   0,   9,   3],
       [ 98,   0,  62,   0,   0,   0,   0],
       [112,   0,  46,   0,   0,   0,   0],
       [136,   1,   1,   0,   0,  11,   3],
       [103,   2,   3,   0,   0,  29,   7],
       [110,   0,   0,   0,   0,   5,   6]], dtype=int64), array([[370,  26,  55,  13,   0,  24,   0],
       [ 87,  73,   1,   0,   0,   9,   0],
       [ 75,   0,  82,   1,   0,   2,   0],
       [ 89,   0,  57,  12,   0,   0,   0],
       [ 94,   4,  11,   2,   0,  41,   0],
       [ 74,   6,   2,   3,   0,  59,   0],
       [ 77,   8,   3,   1,   0,  32,   0]], dtype=int64), array([[380,  25,  19,  10,  32,  11,  11],
       [ 57,  94,   0,   0,   9,   0,  10],
       [ 64,   0,  66,  27,   0,   1,   2],
       [ 73,   2,  25,  53,   2,   3,   0],
       [ 84,   5,   2,   0,  36,  21,   4],
       [ 62,   7,   2,   0,  25,  40,   8],
       [ 73,  10,   0,   0,  13,  13,  12]], dtype=int64), array([[415,  42,  12,   5,   3,   2,   9],
       [ 27, 119,   0,   3,   1,   0,  20],
       [ 43,   1, 113,   2,   0,   0,   1],
       [ 73,   0,  61,  23,   0,   1,   0],
       [ 76,  17,   0,   0,  25,  14,  20],
       [ 47,  12,   1,   0,   7,  42,  35],
       [ 38,  27,   0,   0,   1,   2,  53]], dtype=int64), array([[348,  28,  20,  50,   8,  34,   0],
       [ 11, 144,   2,   1,   0,  11,   1],
       [  6,   0,  95,  57,   0,   2,   0],
       [  9,   0,  21, 126,   0,   2,   0],
       [ 35,  14,   1,   2,  34,  66,   0],
       [ 16,   7,   1,   2,   4, 114,   0],
       [ 26,  24,   0,   2,   2,  63,   4]], dtype=int64), array([[419,   7,   3,  14,  28,   2,  15],
       [ 40,  98,   0,   1,   4,   0,  27],
       [ 40,   0, 116,   3,   1,   0,   0],
       [ 43,   0,  25,  90,   0,   0,   0],
       [ 34,   1,   0,   3,  97,   5,  12],
       [ 27,   2,   0,   5,  40,  36,  34],
       [ 21,   7,   0,   4,  16,   1,  72]], dtype=int64), array([[361,  12,  31,   8,  34,  22,  20],
       [ 12, 148,   0,   0,   2,   5,   3],
       [  4,   0, 152,   3,   1,   0,   0],
       [ 19,   0,  70,  68,   0,   1,   0],
       [ 18,   4,   1,   0,  88,  32,   9],
       [ 10,   2,   1,   0,  19, 101,  11],
       [ 18,   9,   0,   0,   8,  35,  51]], dtype=int64), array([[373,  14,  16,  33,  24,  20,   8],
       [  7, 152,   0,   1,   1,   2,   7],
       [  8,   0, 139,  13,   0,   0,   0],
       [  7,   1,  21, 126,   1,   2,   0],
       [ 22,   4,   0,   3,  79,  32,  12],
       [ 11,   4,   0,   3,  20,  98,   8],
       [ 19,   4,   0,   0,  13,  27,  58]], dtype=int64), array([[434,  13,   5,   7,   4,   8,  17],
       [ 10, 153,   0,   0,   0,   5,   2],
       [  6,   0, 122,  32,   0,   0,   0],
       [ 10,   0,   6, 141,   0,   1,   0],
       [ 34,   5,   0,   0,  76,  23,  14],
       [ 17,   2,   0,   0,  12,  90,  23],
       [ 18,   6,   0,   0,   1,  16,  80]], dtype=int64)], 'roc_auc_micro': [0.6210217755443886, 0.6210217755443886, 0.6210217755443886, 0.6210217755443886, 0.6210217755443886, 0.6231155778894472, 0.6566164154103851, 0.6662479061976548, 0.7018425460636516, 0.7474874371859297, 0.7788944723618091, 0.8052763819095476, 0.8224455611390284, 0.8458961474036851, 0.8756281407035176], 'roc_auc_macro': [0.5, 0.5, 0.5, 0.5, 0.5, 0.5028602768099757, 0.5649124145563548, 0.5996035923669291, 0.6425743689417407, 0.6942647978295193, 0.7530652696384168, 0.7698694873926858, 0.8090775822490207, 0.8347166005706157, 0.8545369117151578]}
[16,   100] loss: 0.032, time: 1185.42 seconds
[16,   200] loss: 0.059, time: 1190.79 seconds
[16,   300] loss: 0.098, time: 1196.09 seconds
[16,   400] loss: 0.135, time: 1201.37 seconds
[16,   500] loss: 0.175, time: 1206.81 seconds
[16,   600] loss: 0.214, time: 1212.24 seconds
[16,   700] loss: 0.269, time: 1217.60 seconds
[16,   800] loss: 0.304, time: 1223.06 seconds
[16,   900] loss: 0.343, time: 1228.41 seconds
[16,  1000] loss: 0.371, time: 1233.81 seconds
[16,  1100] loss: 0.410, time: 1239.22 seconds
[16,  1200] loss: 0.450, time: 1244.94 seconds
[16,  1300] loss: 0.476, time: 1250.46 seconds
Epoch time 75.63
{'train_loss': [2554.4547902047634, 2525.5802685916424, 2519.354166030884, 2513.1896684765816, 2507.1929346323013, 2468.642673790455, 2383.0259818583727, 2270.879336897284, 2094.4190389246214, 1888.590369119891, 1658.4216442641336, 1548.6287149485725, 1352.6467921538206, 1230.826616730772, 1128.294728720999, 1009.5832377297111], 'accuracy': [0.3503230437903805, 0.3503230437903805, 0.3503230437903805, 0.3503230437903805, 0.3503230437903805, 0.3539124192390524, 0.4113424264178033, 0.4278535534816942, 0.48887293610911703, 0.5671213208901651, 0.6209619526202441, 0.6661880832735104, 0.6956209619526202, 0.7358219669777458, 0.7867910983488873, 0.7810480976310122], 'recall': [0.3503230437903805, 0.3503230437903805, 0.3503230437903805, 0.3503230437903805, 0.3503230437903805, 0.3539124192390524, 0.4113424264178033, 0.4278535534816942, 0.48887293610911703, 0.5671213208901651, 0.6209619526202441, 0.6661880832735104, 0.6956209619526202, 0.7358219669777458, 0.7867910983488873, 0.7810480976310122], 'precision': [0.12272623501055685, 0.12272623501055685, 0.12272623501055685, 0.12272623501055685, 0.12272623501055685, 0.27132909891717405, 0.36012777484756764, 0.3495129702926783, 0.4835982612349758, 0.5955449476794493, 0.6759283721201552, 0.6973976599484927, 0.7190000941425043, 0.739120812990672, 0.7912596485793837, 0.7869568702464595], 'f1': [0.18177314765518943, 0.18177314765518943, 0.18177314765518943, 0.18177314765518943, 0.18177314765518943, 0.1899367262388864, 0.31836015285557145, 0.3578673408869697, 0.4620651651103025, 0.5246602734395948, 0.5917178135573228, 0.6557600538224801, 0.6917014104273503, 0.7345379428325269, 0.7828923601921478, 0.7754166541030716], 'r2': [-1.0751933343217646, -1.0751933343217646, -1.0751933343217646, -1.0751933343217646, -1.0751933343217646, -1.0636827532280622, -0.7991038249456754, -0.48585158232420467, -0.4601994301725252, -0.14250739198634066, 0.19771249776894706, 0.18455754794757295, 0.32054684172602776, 0.4032585887279174, 0.4662379109977459, 0.3953656188350929], 'confusion_matrix': [array([[488,   0,   0,   0,   0,   0,   0],
       [170,   0,   0,   0,   0,   0,   0],
       [160,   0,   0,   0,   0,   0,   0],
       [158,   0,   0,   0,   0,   0,   0],
       [152,   0,   0,   0,   0,   0,   0],
       [144,   0,   0,   0,   0,   0,   0],
       [121,   0,   0,   0,   0,   0,   0]], dtype=int64), array([[488,   0,   0,   0,   0,   0,   0],
       [170,   0,   0,   0,   0,   0,   0],
       [160,   0,   0,   0,   0,   0,   0],
       [158,   0,   0,   0,   0,   0,   0],
       [152,   0,   0,   0,   0,   0,   0],
       [144,   0,   0,   0,   0,   0,   0],
       [121,   0,   0,   0,   0,   0,   0]], dtype=int64), array([[488,   0,   0,   0,   0,   0,   0],
       [170,   0,   0,   0,   0,   0,   0],
       [160,   0,   0,   0,   0,   0,   0],
       [158,   0,   0,   0,   0,   0,   0],
       [152,   0,   0,   0,   0,   0,   0],
       [144,   0,   0,   0,   0,   0,   0],
       [121,   0,   0,   0,   0,   0,   0]], dtype=int64), array([[488,   0,   0,   0,   0,   0,   0],
       [170,   0,   0,   0,   0,   0,   0],
       [160,   0,   0,   0,   0,   0,   0],
       [158,   0,   0,   0,   0,   0,   0],
       [152,   0,   0,   0,   0,   0,   0],
       [144,   0,   0,   0,   0,   0,   0],
       [121,   0,   0,   0,   0,   0,   0]], dtype=int64), array([[488,   0,   0,   0,   0,   0,   0],
       [170,   0,   0,   0,   0,   0,   0],
       [160,   0,   0,   0,   0,   0,   0],
       [158,   0,   0,   0,   0,   0,   0],
       [152,   0,   0,   0,   0,   0,   0],
       [144,   0,   0,   0,   0,   0,   0],
       [121,   0,   0,   0,   0,   0,   0]], dtype=int64), array([[488,   0,   0,   0,   0,   0,   0],
       [170,   0,   0,   0,   0,   0,   0],
       [149,   0,   1,  10,   0,   0,   0],
       [154,   0,   0,   4,   0,   0,   0],
       [152,   0,   0,   0,   0,   0,   0],
       [144,   0,   0,   0,   0,   0,   0],
       [121,   0,   0,   0,   0,   0,   0]], dtype=int64), array([[435,   6,  40,   0,   0,   7,   0],
       [114,  41,   3,   0,   0,   9,   3],
       [ 98,   0,  62,   0,   0,   0,   0],
       [112,   0,  46,   0,   0,   0,   0],
       [136,   1,   1,   0,   0,  11,   3],
       [103,   2,   3,   0,   0,  29,   7],
       [110,   0,   0,   0,   0,   5,   6]], dtype=int64), array([[370,  26,  55,  13,   0,  24,   0],
       [ 87,  73,   1,   0,   0,   9,   0],
       [ 75,   0,  82,   1,   0,   2,   0],
       [ 89,   0,  57,  12,   0,   0,   0],
       [ 94,   4,  11,   2,   0,  41,   0],
       [ 74,   6,   2,   3,   0,  59,   0],
       [ 77,   8,   3,   1,   0,  32,   0]], dtype=int64), array([[380,  25,  19,  10,  32,  11,  11],
       [ 57,  94,   0,   0,   9,   0,  10],
       [ 64,   0,  66,  27,   0,   1,   2],
       [ 73,   2,  25,  53,   2,   3,   0],
       [ 84,   5,   2,   0,  36,  21,   4],
       [ 62,   7,   2,   0,  25,  40,   8],
       [ 73,  10,   0,   0,  13,  13,  12]], dtype=int64), array([[415,  42,  12,   5,   3,   2,   9],
       [ 27, 119,   0,   3,   1,   0,  20],
       [ 43,   1, 113,   2,   0,   0,   1],
       [ 73,   0,  61,  23,   0,   1,   0],
       [ 76,  17,   0,   0,  25,  14,  20],
       [ 47,  12,   1,   0,   7,  42,  35],
       [ 38,  27,   0,   0,   1,   2,  53]], dtype=int64), array([[348,  28,  20,  50,   8,  34,   0],
       [ 11, 144,   2,   1,   0,  11,   1],
       [  6,   0,  95,  57,   0,   2,   0],
       [  9,   0,  21, 126,   0,   2,   0],
       [ 35,  14,   1,   2,  34,  66,   0],
       [ 16,   7,   1,   2,   4, 114,   0],
       [ 26,  24,   0,   2,   2,  63,   4]], dtype=int64), array([[419,   7,   3,  14,  28,   2,  15],
       [ 40,  98,   0,   1,   4,   0,  27],
       [ 40,   0, 116,   3,   1,   0,   0],
       [ 43,   0,  25,  90,   0,   0,   0],
       [ 34,   1,   0,   3,  97,   5,  12],
       [ 27,   2,   0,   5,  40,  36,  34],
       [ 21,   7,   0,   4,  16,   1,  72]], dtype=int64), array([[361,  12,  31,   8,  34,  22,  20],
       [ 12, 148,   0,   0,   2,   5,   3],
       [  4,   0, 152,   3,   1,   0,   0],
       [ 19,   0,  70,  68,   0,   1,   0],
       [ 18,   4,   1,   0,  88,  32,   9],
       [ 10,   2,   1,   0,  19, 101,  11],
       [ 18,   9,   0,   0,   8,  35,  51]], dtype=int64), array([[373,  14,  16,  33,  24,  20,   8],
       [  7, 152,   0,   1,   1,   2,   7],
       [  8,   0, 139,  13,   0,   0,   0],
       [  7,   1,  21, 126,   1,   2,   0],
       [ 22,   4,   0,   3,  79,  32,  12],
       [ 11,   4,   0,   3,  20,  98,   8],
       [ 19,   4,   0,   0,  13,  27,  58]], dtype=int64), array([[434,  13,   5,   7,   4,   8,  17],
       [ 10, 153,   0,   0,   0,   5,   2],
       [  6,   0, 122,  32,   0,   0,   0],
       [ 10,   0,   6, 141,   0,   1,   0],
       [ 34,   5,   0,   0,  76,  23,  14],
       [ 17,   2,   0,   0,  12,  90,  23],
       [ 18,   6,   0,   0,   1,  16,  80]], dtype=int64), array([[434,  23,   2,   5,  11,   8,   5],
       [  6, 161,   0,   0,   1,   1,   1],
       [ 13,   0, 127,  20,   0,   0,   0],
       [ 26,   1,  11, 120,   0,   0,   0],
       [ 40,   6,   0,   0,  95,  10,   1],
       [ 25,   2,   0,   0,  24,  91,   2],
       [ 20,  20,   0,   0,  12,   9,  60]], dtype=int64)], 'roc_auc_micro': [0.6210217755443886, 0.6210217755443886, 0.6210217755443886, 0.6210217755443886, 0.6210217755443886, 0.6231155778894472, 0.6566164154103851, 0.6662479061976548, 0.7018425460636516, 0.7474874371859297, 0.7788944723618091, 0.8052763819095476, 0.8224455611390284, 0.8458961474036851, 0.8756281407035176, 0.8722780569514239], 'roc_auc_macro': [0.5, 0.5, 0.5, 0.5, 0.5, 0.5028602768099757, 0.5649124145563548, 0.5996035923669291, 0.6425743689417407, 0.6942647978295193, 0.7530652696384168, 0.7698694873926858, 0.8090775822490207, 0.8347166005706157, 0.8545369117151578, 0.846952569093096]}
[17,   100] loss: 0.029, time: 1278.77 seconds
[17,   200] loss: 0.062, time: 1284.39 seconds
[17,   300] loss: 0.085, time: 1290.03 seconds
[17,   400] loss: 0.114, time: 1295.60 seconds
[17,   500] loss: 0.146, time: 1301.21 seconds
[17,   600] loss: 0.187, time: 1306.81 seconds
[17,   700] loss: 0.213, time: 1312.40 seconds
[17,   800] loss: 0.246, time: 1317.94 seconds
[17,   900] loss: 0.282, time: 1323.43 seconds
[17,  1000] loss: 0.310, time: 1328.88 seconds
[17,  1100] loss: 0.352, time: 1334.36 seconds
[17,  1200] loss: 0.383, time: 1339.92 seconds
[17,  1300] loss: 0.412, time: 1345.67 seconds
Epoch time 77.80
{'train_loss': [2554.4547902047634, 2525.5802685916424, 2519.354166030884, 2513.1896684765816, 2507.1929346323013, 2468.642673790455, 2383.0259818583727, 2270.879336897284, 2094.4190389246214, 1888.590369119891, 1658.4216442641336, 1548.6287149485725, 1352.6467921538206, 1230.826616730772, 1128.294728720999, 1009.5832377297111, 892.3926106808549], 'accuracy': [0.3503230437903805, 0.3503230437903805, 0.3503230437903805, 0.3503230437903805, 0.3503230437903805, 0.3539124192390524, 0.4113424264178033, 0.4278535534816942, 0.48887293610911703, 0.5671213208901651, 0.6209619526202441, 0.6661880832735104, 0.6956209619526202, 0.7358219669777458, 0.7867910983488873, 0.7810480976310122, 0.8312993539124193], 'recall': [0.3503230437903805, 0.3503230437903805, 0.3503230437903805, 0.3503230437903805, 0.3503230437903805, 0.3539124192390524, 0.4113424264178033, 0.4278535534816942, 0.48887293610911703, 0.5671213208901651, 0.6209619526202441, 0.6661880832735104, 0.6956209619526202, 0.7358219669777458, 0.7867910983488873, 0.7810480976310122, 0.8312993539124193], 'precision': [0.12272623501055685, 0.12272623501055685, 0.12272623501055685, 0.12272623501055685, 0.12272623501055685, 0.27132909891717405, 0.36012777484756764, 0.3495129702926783, 0.4835982612349758, 0.5955449476794493, 0.6759283721201552, 0.6973976599484927, 0.7190000941425043, 0.739120812990672, 0.7912596485793837, 0.7869568702464595, 0.8380686447147034], 'f1': [0.18177314765518943, 0.18177314765518943, 0.18177314765518943, 0.18177314765518943, 0.18177314765518943, 0.1899367262388864, 0.31836015285557145, 0.3578673408869697, 0.4620651651103025, 0.5246602734395948, 0.5917178135573228, 0.6557600538224801, 0.6917014104273503, 0.7345379428325269, 0.7828923601921478, 0.7754166541030716, 0.8292432360028774], 'r2': [-1.0751933343217646, -1.0751933343217646, -1.0751933343217646, -1.0751933343217646, -1.0751933343217646, -1.0636827532280622, -0.7991038249456754, -0.48585158232420467, -0.4601994301725252, -0.14250739198634066, 0.19771249776894706, 0.18455754794757295, 0.32054684172602776, 0.4032585887279174, 0.4662379109977459, 0.3953656188350929, 0.5737796257874792], 'confusion_matrix': [array([[488,   0,   0,   0,   0,   0,   0],
       [170,   0,   0,   0,   0,   0,   0],
       [160,   0,   0,   0,   0,   0,   0],
       [158,   0,   0,   0,   0,   0,   0],
       [152,   0,   0,   0,   0,   0,   0],
       [144,   0,   0,   0,   0,   0,   0],
       [121,   0,   0,   0,   0,   0,   0]], dtype=int64), array([[488,   0,   0,   0,   0,   0,   0],
       [170,   0,   0,   0,   0,   0,   0],
       [160,   0,   0,   0,   0,   0,   0],
       [158,   0,   0,   0,   0,   0,   0],
       [152,   0,   0,   0,   0,   0,   0],
       [144,   0,   0,   0,   0,   0,   0],
       [121,   0,   0,   0,   0,   0,   0]], dtype=int64), array([[488,   0,   0,   0,   0,   0,   0],
       [170,   0,   0,   0,   0,   0,   0],
       [160,   0,   0,   0,   0,   0,   0],
       [158,   0,   0,   0,   0,   0,   0],
       [152,   0,   0,   0,   0,   0,   0],
       [144,   0,   0,   0,   0,   0,   0],
       [121,   0,   0,   0,   0,   0,   0]], dtype=int64), array([[488,   0,   0,   0,   0,   0,   0],
       [170,   0,   0,   0,   0,   0,   0],
       [160,   0,   0,   0,   0,   0,   0],
       [158,   0,   0,   0,   0,   0,   0],
       [152,   0,   0,   0,   0,   0,   0],
       [144,   0,   0,   0,   0,   0,   0],
       [121,   0,   0,   0,   0,   0,   0]], dtype=int64), array([[488,   0,   0,   0,   0,   0,   0],
       [170,   0,   0,   0,   0,   0,   0],
       [160,   0,   0,   0,   0,   0,   0],
       [158,   0,   0,   0,   0,   0,   0],
       [152,   0,   0,   0,   0,   0,   0],
       [144,   0,   0,   0,   0,   0,   0],
       [121,   0,   0,   0,   0,   0,   0]], dtype=int64), array([[488,   0,   0,   0,   0,   0,   0],
       [170,   0,   0,   0,   0,   0,   0],
       [149,   0,   1,  10,   0,   0,   0],
       [154,   0,   0,   4,   0,   0,   0],
       [152,   0,   0,   0,   0,   0,   0],
       [144,   0,   0,   0,   0,   0,   0],
       [121,   0,   0,   0,   0,   0,   0]], dtype=int64), array([[435,   6,  40,   0,   0,   7,   0],
       [114,  41,   3,   0,   0,   9,   3],
       [ 98,   0,  62,   0,   0,   0,   0],
       [112,   0,  46,   0,   0,   0,   0],
       [136,   1,   1,   0,   0,  11,   3],
       [103,   2,   3,   0,   0,  29,   7],
       [110,   0,   0,   0,   0,   5,   6]], dtype=int64), array([[370,  26,  55,  13,   0,  24,   0],
       [ 87,  73,   1,   0,   0,   9,   0],
       [ 75,   0,  82,   1,   0,   2,   0],
       [ 89,   0,  57,  12,   0,   0,   0],
       [ 94,   4,  11,   2,   0,  41,   0],
       [ 74,   6,   2,   3,   0,  59,   0],
       [ 77,   8,   3,   1,   0,  32,   0]], dtype=int64), array([[380,  25,  19,  10,  32,  11,  11],
       [ 57,  94,   0,   0,   9,   0,  10],
       [ 64,   0,  66,  27,   0,   1,   2],
       [ 73,   2,  25,  53,   2,   3,   0],
       [ 84,   5,   2,   0,  36,  21,   4],
       [ 62,   7,   2,   0,  25,  40,   8],
       [ 73,  10,   0,   0,  13,  13,  12]], dtype=int64), array([[415,  42,  12,   5,   3,   2,   9],
       [ 27, 119,   0,   3,   1,   0,  20],
       [ 43,   1, 113,   2,   0,   0,   1],
       [ 73,   0,  61,  23,   0,   1,   0],
       [ 76,  17,   0,   0,  25,  14,  20],
       [ 47,  12,   1,   0,   7,  42,  35],
       [ 38,  27,   0,   0,   1,   2,  53]], dtype=int64), array([[348,  28,  20,  50,   8,  34,   0],
       [ 11, 144,   2,   1,   0,  11,   1],
       [  6,   0,  95,  57,   0,   2,   0],
       [  9,   0,  21, 126,   0,   2,   0],
       [ 35,  14,   1,   2,  34,  66,   0],
       [ 16,   7,   1,   2,   4, 114,   0],
       [ 26,  24,   0,   2,   2,  63,   4]], dtype=int64), array([[419,   7,   3,  14,  28,   2,  15],
       [ 40,  98,   0,   1,   4,   0,  27],
       [ 40,   0, 116,   3,   1,   0,   0],
       [ 43,   0,  25,  90,   0,   0,   0],
       [ 34,   1,   0,   3,  97,   5,  12],
       [ 27,   2,   0,   5,  40,  36,  34],
       [ 21,   7,   0,   4,  16,   1,  72]], dtype=int64), array([[361,  12,  31,   8,  34,  22,  20],
       [ 12, 148,   0,   0,   2,   5,   3],
       [  4,   0, 152,   3,   1,   0,   0],
       [ 19,   0,  70,  68,   0,   1,   0],
       [ 18,   4,   1,   0,  88,  32,   9],
       [ 10,   2,   1,   0,  19, 101,  11],
       [ 18,   9,   0,   0,   8,  35,  51]], dtype=int64), array([[373,  14,  16,  33,  24,  20,   8],
       [  7, 152,   0,   1,   1,   2,   7],
       [  8,   0, 139,  13,   0,   0,   0],
       [  7,   1,  21, 126,   1,   2,   0],
       [ 22,   4,   0,   3,  79,  32,  12],
       [ 11,   4,   0,   3,  20,  98,   8],
       [ 19,   4,   0,   0,  13,  27,  58]], dtype=int64), array([[434,  13,   5,   7,   4,   8,  17],
       [ 10, 153,   0,   0,   0,   5,   2],
       [  6,   0, 122,  32,   0,   0,   0],
       [ 10,   0,   6, 141,   0,   1,   0],
       [ 34,   5,   0,   0,  76,  23,  14],
       [ 17,   2,   0,   0,  12,  90,  23],
       [ 18,   6,   0,   0,   1,  16,  80]], dtype=int64), array([[434,  23,   2,   5,  11,   8,   5],
       [  6, 161,   0,   0,   1,   1,   1],
       [ 13,   0, 127,  20,   0,   0,   0],
       [ 26,   1,  11, 120,   0,   0,   0],
       [ 40,   6,   0,   0,  95,  10,   1],
       [ 25,   2,   0,   0,  24,  91,   2],
       [ 20,  20,   0,   0,  12,   9,  60]], dtype=int64), array([[439,   8,  11,   2,  10,  14,   4],
       [ 13, 154,   0,   0,   0,   0,   3],
       [  4,   0, 155,   1,   0,   0,   0],
       [  7,   0,  32, 118,   1,   0,   0],
       [ 13,   4,   0,   0, 118,  14,   3],
       [ 12,   2,   0,   0,  28, 101,   1],
       [ 23,   6,   0,   0,  13,   6,  73]], dtype=int64)], 'roc_auc_micro': [0.6210217755443886, 0.6210217755443886, 0.6210217755443886, 0.6210217755443886, 0.6210217755443886, 0.6231155778894472, 0.6566164154103851, 0.6662479061976548, 0.7018425460636516, 0.7474874371859297, 0.7788944723618091, 0.8052763819095476, 0.8224455611390284, 0.8458961474036851, 0.8756281407035176, 0.8722780569514239, 0.9015912897822446], 'roc_auc_macro': [0.5, 0.5, 0.5, 0.5, 0.5, 0.5028602768099757, 0.5649124145563548, 0.5996035923669291, 0.6425743689417407, 0.6942647978295193, 0.7530652696384168, 0.7698694873926858, 0.8090775822490207, 0.8347166005706157, 0.8545369117151578, 0.846952569093096, 0.8850773195781004]}
[18,   100] loss: 0.033, time: 1375.55 seconds
[18,   200] loss: 0.052, time: 1380.95 seconds
[18,   300] loss: 0.075, time: 1386.46 seconds
[18,   400] loss: 0.100, time: 1392.04 seconds
[18,   500] loss: 0.123, time: 1397.54 seconds
[18,   600] loss: 0.149, time: 1403.09 seconds
[18,   700] loss: 0.174, time: 1408.64 seconds
[18,   800] loss: 0.210, time: 1414.15 seconds
[18,   900] loss: 0.238, time: 1419.68 seconds
[18,  1000] loss: 0.276, time: 1425.10 seconds
[18,  1100] loss: 0.318, time: 1430.60 seconds
[18,  1200] loss: 0.352, time: 1436.11 seconds
[18,  1300] loss: 0.387, time: 1441.56 seconds
Epoch time 76.70
{'train_loss': [2554.4547902047634, 2525.5802685916424, 2519.354166030884, 2513.1896684765816, 2507.1929346323013, 2468.642673790455, 2383.0259818583727, 2270.879336897284, 2094.4190389246214, 1888.590369119891, 1658.4216442641336, 1548.6287149485725, 1352.6467921538206, 1230.826616730772, 1128.294728720999, 1009.5832377297111, 892.3926106808549, 829.3737048839089], 'accuracy': [0.3503230437903805, 0.3503230437903805, 0.3503230437903805, 0.3503230437903805, 0.3503230437903805, 0.3539124192390524, 0.4113424264178033, 0.4278535534816942, 0.48887293610911703, 0.5671213208901651, 0.6209619526202441, 0.6661880832735104, 0.6956209619526202, 0.7358219669777458, 0.7867910983488873, 0.7810480976310122, 0.8312993539124193, 0.8205312275664034], 'recall': [0.3503230437903805, 0.3503230437903805, 0.3503230437903805, 0.3503230437903805, 0.3503230437903805, 0.3539124192390524, 0.4113424264178033, 0.4278535534816942, 0.48887293610911703, 0.5671213208901651, 0.6209619526202441, 0.6661880832735104, 0.6956209619526202, 0.7358219669777458, 0.7867910983488873, 0.7810480976310122, 0.8312993539124193, 0.8205312275664034], 'precision': [0.12272623501055685, 0.12272623501055685, 0.12272623501055685, 0.12272623501055685, 0.12272623501055685, 0.27132909891717405, 0.36012777484756764, 0.3495129702926783, 0.4835982612349758, 0.5955449476794493, 0.6759283721201552, 0.6973976599484927, 0.7190000941425043, 0.739120812990672, 0.7912596485793837, 0.7869568702464595, 0.8380686447147034, 0.8273832797649076], 'f1': [0.18177314765518943, 0.18177314765518943, 0.18177314765518943, 0.18177314765518943, 0.18177314765518943, 0.1899367262388864, 0.31836015285557145, 0.3578673408869697, 0.4620651651103025, 0.5246602734395948, 0.5917178135573228, 0.6557600538224801, 0.6917014104273503, 0.7345379428325269, 0.7828923601921478, 0.7754166541030716, 0.8292432360028774, 0.8166268129196255], 'r2': [-1.0751933343217646, -1.0751933343217646, -1.0751933343217646, -1.0751933343217646, -1.0751933343217646, -1.0636827532280622, -0.7991038249456754, -0.48585158232420467, -0.4601994301725252, -0.14250739198634066, 0.19771249776894706, 0.18455754794757295, 0.32054684172602776, 0.4032585887279174, 0.4662379109977459, 0.3953656188350929, 0.5737796257874792, 0.559638054729502], 'confusion_matrix': [array([[488,   0,   0,   0,   0,   0,   0],
       [170,   0,   0,   0,   0,   0,   0],
       [160,   0,   0,   0,   0,   0,   0],
       [158,   0,   0,   0,   0,   0,   0],
       [152,   0,   0,   0,   0,   0,   0],
       [144,   0,   0,   0,   0,   0,   0],
       [121,   0,   0,   0,   0,   0,   0]], dtype=int64), array([[488,   0,   0,   0,   0,   0,   0],
       [170,   0,   0,   0,   0,   0,   0],
       [160,   0,   0,   0,   0,   0,   0],
       [158,   0,   0,   0,   0,   0,   0],
       [152,   0,   0,   0,   0,   0,   0],
       [144,   0,   0,   0,   0,   0,   0],
       [121,   0,   0,   0,   0,   0,   0]], dtype=int64), array([[488,   0,   0,   0,   0,   0,   0],
       [170,   0,   0,   0,   0,   0,   0],
       [160,   0,   0,   0,   0,   0,   0],
       [158,   0,   0,   0,   0,   0,   0],
       [152,   0,   0,   0,   0,   0,   0],
       [144,   0,   0,   0,   0,   0,   0],
       [121,   0,   0,   0,   0,   0,   0]], dtype=int64), array([[488,   0,   0,   0,   0,   0,   0],
       [170,   0,   0,   0,   0,   0,   0],
       [160,   0,   0,   0,   0,   0,   0],
       [158,   0,   0,   0,   0,   0,   0],
       [152,   0,   0,   0,   0,   0,   0],
       [144,   0,   0,   0,   0,   0,   0],
       [121,   0,   0,   0,   0,   0,   0]], dtype=int64), array([[488,   0,   0,   0,   0,   0,   0],
       [170,   0,   0,   0,   0,   0,   0],
       [160,   0,   0,   0,   0,   0,   0],
       [158,   0,   0,   0,   0,   0,   0],
       [152,   0,   0,   0,   0,   0,   0],
       [144,   0,   0,   0,   0,   0,   0],
       [121,   0,   0,   0,   0,   0,   0]], dtype=int64), array([[488,   0,   0,   0,   0,   0,   0],
       [170,   0,   0,   0,   0,   0,   0],
       [149,   0,   1,  10,   0,   0,   0],
       [154,   0,   0,   4,   0,   0,   0],
       [152,   0,   0,   0,   0,   0,   0],
       [144,   0,   0,   0,   0,   0,   0],
       [121,   0,   0,   0,   0,   0,   0]], dtype=int64), array([[435,   6,  40,   0,   0,   7,   0],
       [114,  41,   3,   0,   0,   9,   3],
       [ 98,   0,  62,   0,   0,   0,   0],
       [112,   0,  46,   0,   0,   0,   0],
       [136,   1,   1,   0,   0,  11,   3],
       [103,   2,   3,   0,   0,  29,   7],
       [110,   0,   0,   0,   0,   5,   6]], dtype=int64), array([[370,  26,  55,  13,   0,  24,   0],
       [ 87,  73,   1,   0,   0,   9,   0],
       [ 75,   0,  82,   1,   0,   2,   0],
       [ 89,   0,  57,  12,   0,   0,   0],
       [ 94,   4,  11,   2,   0,  41,   0],
       [ 74,   6,   2,   3,   0,  59,   0],
       [ 77,   8,   3,   1,   0,  32,   0]], dtype=int64), array([[380,  25,  19,  10,  32,  11,  11],
       [ 57,  94,   0,   0,   9,   0,  10],
       [ 64,   0,  66,  27,   0,   1,   2],
       [ 73,   2,  25,  53,   2,   3,   0],
       [ 84,   5,   2,   0,  36,  21,   4],
       [ 62,   7,   2,   0,  25,  40,   8],
       [ 73,  10,   0,   0,  13,  13,  12]], dtype=int64), array([[415,  42,  12,   5,   3,   2,   9],
       [ 27, 119,   0,   3,   1,   0,  20],
       [ 43,   1, 113,   2,   0,   0,   1],
       [ 73,   0,  61,  23,   0,   1,   0],
       [ 76,  17,   0,   0,  25,  14,  20],
       [ 47,  12,   1,   0,   7,  42,  35],
       [ 38,  27,   0,   0,   1,   2,  53]], dtype=int64), array([[348,  28,  20,  50,   8,  34,   0],
       [ 11, 144,   2,   1,   0,  11,   1],
       [  6,   0,  95,  57,   0,   2,   0],
       [  9,   0,  21, 126,   0,   2,   0],
       [ 35,  14,   1,   2,  34,  66,   0],
       [ 16,   7,   1,   2,   4, 114,   0],
       [ 26,  24,   0,   2,   2,  63,   4]], dtype=int64), array([[419,   7,   3,  14,  28,   2,  15],
       [ 40,  98,   0,   1,   4,   0,  27],
       [ 40,   0, 116,   3,   1,   0,   0],
       [ 43,   0,  25,  90,   0,   0,   0],
       [ 34,   1,   0,   3,  97,   5,  12],
       [ 27,   2,   0,   5,  40,  36,  34],
       [ 21,   7,   0,   4,  16,   1,  72]], dtype=int64), array([[361,  12,  31,   8,  34,  22,  20],
       [ 12, 148,   0,   0,   2,   5,   3],
       [  4,   0, 152,   3,   1,   0,   0],
       [ 19,   0,  70,  68,   0,   1,   0],
       [ 18,   4,   1,   0,  88,  32,   9],
       [ 10,   2,   1,   0,  19, 101,  11],
       [ 18,   9,   0,   0,   8,  35,  51]], dtype=int64), array([[373,  14,  16,  33,  24,  20,   8],
       [  7, 152,   0,   1,   1,   2,   7],
       [  8,   0, 139,  13,   0,   0,   0],
       [  7,   1,  21, 126,   1,   2,   0],
       [ 22,   4,   0,   3,  79,  32,  12],
       [ 11,   4,   0,   3,  20,  98,   8],
       [ 19,   4,   0,   0,  13,  27,  58]], dtype=int64), array([[434,  13,   5,   7,   4,   8,  17],
       [ 10, 153,   0,   0,   0,   5,   2],
       [  6,   0, 122,  32,   0,   0,   0],
       [ 10,   0,   6, 141,   0,   1,   0],
       [ 34,   5,   0,   0,  76,  23,  14],
       [ 17,   2,   0,   0,  12,  90,  23],
       [ 18,   6,   0,   0,   1,  16,  80]], dtype=int64), array([[434,  23,   2,   5,  11,   8,   5],
       [  6, 161,   0,   0,   1,   1,   1],
       [ 13,   0, 127,  20,   0,   0,   0],
       [ 26,   1,  11, 120,   0,   0,   0],
       [ 40,   6,   0,   0,  95,  10,   1],
       [ 25,   2,   0,   0,  24,  91,   2],
       [ 20,  20,   0,   0,  12,   9,  60]], dtype=int64), array([[439,   8,  11,   2,  10,  14,   4],
       [ 13, 154,   0,   0,   0,   0,   3],
       [  4,   0, 155,   1,   0,   0,   0],
       [  7,   0,  32, 118,   1,   0,   0],
       [ 13,   4,   0,   0, 118,  14,   3],
       [ 12,   2,   0,   0,  28, 101,   1],
       [ 23,   6,   0,   0,  13,   6,  73]], dtype=int64), array([[450,   5,   5,   6,   1,   8,  13],
       [ 25, 140,   1,   0,   0,   2,   2],
       [  6,   0, 132,  22,   0,   0,   0],
       [  5,   2,   3, 148,   0,   0,   0],
       [ 33,   1,   0,   1,  79,  26,  12],
       [  8,   0,   0,   0,   7, 115,  14],
       [ 22,   2,   0,   0,   4,  14,  79]], dtype=int64)], 'roc_auc_micro': [0.6210217755443886, 0.6210217755443886, 0.6210217755443886, 0.6210217755443886, 0.6210217755443886, 0.6231155778894472, 0.6566164154103851, 0.6662479061976548, 0.7018425460636516, 0.7474874371859297, 0.7788944723618091, 0.8052763819095476, 0.8224455611390284, 0.8458961474036851, 0.8756281407035176, 0.8722780569514239, 0.9015912897822446, 0.8953098827470686], 'roc_auc_macro': [0.5, 0.5, 0.5, 0.5, 0.5, 0.5028602768099757, 0.5649124145563548, 0.5996035923669291, 0.6425743689417407, 0.6942647978295193, 0.7530652696384168, 0.7698694873926858, 0.8090775822490207, 0.8347166005706157, 0.8545369117151578, 0.846952569093096, 0.8850773195781004, 0.8748804037460378]}
[19,   100] loss: 0.030, time: 1471.69 seconds
[19,   200] loss: 0.048, time: 1477.89 seconds
[19,   300] loss: 0.070, time: 1483.99 seconds
[19,   400] loss: 0.098, time: 1489.84 seconds
[19,   500] loss: 0.114, time: 1495.55 seconds
[19,   600] loss: 0.145, time: 1501.17 seconds
[19,   700] loss: 0.170, time: 1507.33 seconds
[19,   800] loss: 0.199, time: 1513.28 seconds
[19,   900] loss: 0.224, time: 1519.14 seconds
[19,  1000] loss: 0.244, time: 1525.11 seconds
[19,  1100] loss: 0.276, time: 1530.86 seconds
[19,  1200] loss: 0.302, time: 1536.81 seconds
[19,  1300] loss: 0.326, time: 1542.48 seconds
Epoch time 82.46
{'train_loss': [2554.4547902047634, 2525.5802685916424, 2519.354166030884, 2513.1896684765816, 2507.1929346323013, 2468.642673790455, 2383.0259818583727, 2270.879336897284, 2094.4190389246214, 1888.590369119891, 1658.4216442641336, 1548.6287149485725, 1352.6467921538206, 1230.826616730772, 1128.294728720999, 1009.5832377297111, 892.3926106808549, 829.3737048839089, 705.404319253485], 'accuracy': [0.3503230437903805, 0.3503230437903805, 0.3503230437903805, 0.3503230437903805, 0.3503230437903805, 0.3539124192390524, 0.4113424264178033, 0.4278535534816942, 0.48887293610911703, 0.5671213208901651, 0.6209619526202441, 0.6661880832735104, 0.6956209619526202, 0.7358219669777458, 0.7867910983488873, 0.7810480976310122, 0.8312993539124193, 0.8205312275664034, 0.8406317300789663], 'recall': [0.3503230437903805, 0.3503230437903805, 0.3503230437903805, 0.3503230437903805, 0.3503230437903805, 0.3539124192390524, 0.4113424264178033, 0.4278535534816942, 0.48887293610911703, 0.5671213208901651, 0.6209619526202441, 0.6661880832735104, 0.6956209619526202, 0.7358219669777458, 0.7867910983488873, 0.7810480976310122, 0.8312993539124193, 0.8205312275664034, 0.8406317300789663], 'precision': [0.12272623501055685, 0.12272623501055685, 0.12272623501055685, 0.12272623501055685, 0.12272623501055685, 0.27132909891717405, 0.36012777484756764, 0.3495129702926783, 0.4835982612349758, 0.5955449476794493, 0.6759283721201552, 0.6973976599484927, 0.7190000941425043, 0.739120812990672, 0.7912596485793837, 0.7869568702464595, 0.8380686447147034, 0.8273832797649076, 0.8472043816360492], 'f1': [0.18177314765518943, 0.18177314765518943, 0.18177314765518943, 0.18177314765518943, 0.18177314765518943, 0.1899367262388864, 0.31836015285557145, 0.3578673408869697, 0.4620651651103025, 0.5246602734395948, 0.5917178135573228, 0.6557600538224801, 0.6917014104273503, 0.7345379428325269, 0.7828923601921478, 0.7754166541030716, 0.8292432360028774, 0.8166268129196255, 0.8405473220779807], 'r2': [-1.0751933343217646, -1.0751933343217646, -1.0751933343217646, -1.0751933343217646, -1.0751933343217646, -1.0636827532280622, -0.7991038249456754, -0.48585158232420467, -0.4601994301725252, -0.14250739198634066, 0.19771249776894706, 0.18455754794757295, 0.32054684172602776, 0.4032585887279174, 0.4662379109977459, 0.3953656188350929, 0.5737796257874792, 0.559638054729502, 0.5252707483211622], 'confusion_matrix': [array([[488,   0,   0,   0,   0,   0,   0],
       [170,   0,   0,   0,   0,   0,   0],
       [160,   0,   0,   0,   0,   0,   0],
       [158,   0,   0,   0,   0,   0,   0],
       [152,   0,   0,   0,   0,   0,   0],
       [144,   0,   0,   0,   0,   0,   0],
       [121,   0,   0,   0,   0,   0,   0]], dtype=int64), array([[488,   0,   0,   0,   0,   0,   0],
       [170,   0,   0,   0,   0,   0,   0],
       [160,   0,   0,   0,   0,   0,   0],
       [158,   0,   0,   0,   0,   0,   0],
       [152,   0,   0,   0,   0,   0,   0],
       [144,   0,   0,   0,   0,   0,   0],
       [121,   0,   0,   0,   0,   0,   0]], dtype=int64), array([[488,   0,   0,   0,   0,   0,   0],
       [170,   0,   0,   0,   0,   0,   0],
       [160,   0,   0,   0,   0,   0,   0],
       [158,   0,   0,   0,   0,   0,   0],
       [152,   0,   0,   0,   0,   0,   0],
       [144,   0,   0,   0,   0,   0,   0],
       [121,   0,   0,   0,   0,   0,   0]], dtype=int64), array([[488,   0,   0,   0,   0,   0,   0],
       [170,   0,   0,   0,   0,   0,   0],
       [160,   0,   0,   0,   0,   0,   0],
       [158,   0,   0,   0,   0,   0,   0],
       [152,   0,   0,   0,   0,   0,   0],
       [144,   0,   0,   0,   0,   0,   0],
       [121,   0,   0,   0,   0,   0,   0]], dtype=int64), array([[488,   0,   0,   0,   0,   0,   0],
       [170,   0,   0,   0,   0,   0,   0],
       [160,   0,   0,   0,   0,   0,   0],
       [158,   0,   0,   0,   0,   0,   0],
       [152,   0,   0,   0,   0,   0,   0],
       [144,   0,   0,   0,   0,   0,   0],
       [121,   0,   0,   0,   0,   0,   0]], dtype=int64), array([[488,   0,   0,   0,   0,   0,   0],
       [170,   0,   0,   0,   0,   0,   0],
       [149,   0,   1,  10,   0,   0,   0],
       [154,   0,   0,   4,   0,   0,   0],
       [152,   0,   0,   0,   0,   0,   0],
       [144,   0,   0,   0,   0,   0,   0],
       [121,   0,   0,   0,   0,   0,   0]], dtype=int64), array([[435,   6,  40,   0,   0,   7,   0],
       [114,  41,   3,   0,   0,   9,   3],
       [ 98,   0,  62,   0,   0,   0,   0],
       [112,   0,  46,   0,   0,   0,   0],
       [136,   1,   1,   0,   0,  11,   3],
       [103,   2,   3,   0,   0,  29,   7],
       [110,   0,   0,   0,   0,   5,   6]], dtype=int64), array([[370,  26,  55,  13,   0,  24,   0],
       [ 87,  73,   1,   0,   0,   9,   0],
       [ 75,   0,  82,   1,   0,   2,   0],
       [ 89,   0,  57,  12,   0,   0,   0],
       [ 94,   4,  11,   2,   0,  41,   0],
       [ 74,   6,   2,   3,   0,  59,   0],
       [ 77,   8,   3,   1,   0,  32,   0]], dtype=int64), array([[380,  25,  19,  10,  32,  11,  11],
       [ 57,  94,   0,   0,   9,   0,  10],
       [ 64,   0,  66,  27,   0,   1,   2],
       [ 73,   2,  25,  53,   2,   3,   0],
       [ 84,   5,   2,   0,  36,  21,   4],
       [ 62,   7,   2,   0,  25,  40,   8],
       [ 73,  10,   0,   0,  13,  13,  12]], dtype=int64), array([[415,  42,  12,   5,   3,   2,   9],
       [ 27, 119,   0,   3,   1,   0,  20],
       [ 43,   1, 113,   2,   0,   0,   1],
       [ 73,   0,  61,  23,   0,   1,   0],
       [ 76,  17,   0,   0,  25,  14,  20],
       [ 47,  12,   1,   0,   7,  42,  35],
       [ 38,  27,   0,   0,   1,   2,  53]], dtype=int64), array([[348,  28,  20,  50,   8,  34,   0],
       [ 11, 144,   2,   1,   0,  11,   1],
       [  6,   0,  95,  57,   0,   2,   0],
       [  9,   0,  21, 126,   0,   2,   0],
       [ 35,  14,   1,   2,  34,  66,   0],
       [ 16,   7,   1,   2,   4, 114,   0],
       [ 26,  24,   0,   2,   2,  63,   4]], dtype=int64), array([[419,   7,   3,  14,  28,   2,  15],
       [ 40,  98,   0,   1,   4,   0,  27],
       [ 40,   0, 116,   3,   1,   0,   0],
       [ 43,   0,  25,  90,   0,   0,   0],
       [ 34,   1,   0,   3,  97,   5,  12],
       [ 27,   2,   0,   5,  40,  36,  34],
       [ 21,   7,   0,   4,  16,   1,  72]], dtype=int64), array([[361,  12,  31,   8,  34,  22,  20],
       [ 12, 148,   0,   0,   2,   5,   3],
       [  4,   0, 152,   3,   1,   0,   0],
       [ 19,   0,  70,  68,   0,   1,   0],
       [ 18,   4,   1,   0,  88,  32,   9],
       [ 10,   2,   1,   0,  19, 101,  11],
       [ 18,   9,   0,   0,   8,  35,  51]], dtype=int64), array([[373,  14,  16,  33,  24,  20,   8],
       [  7, 152,   0,   1,   1,   2,   7],
       [  8,   0, 139,  13,   0,   0,   0],
       [  7,   1,  21, 126,   1,   2,   0],
       [ 22,   4,   0,   3,  79,  32,  12],
       [ 11,   4,   0,   3,  20,  98,   8],
       [ 19,   4,   0,   0,  13,  27,  58]], dtype=int64), array([[434,  13,   5,   7,   4,   8,  17],
       [ 10, 153,   0,   0,   0,   5,   2],
       [  6,   0, 122,  32,   0,   0,   0],
       [ 10,   0,   6, 141,   0,   1,   0],
       [ 34,   5,   0,   0,  76,  23,  14],
       [ 17,   2,   0,   0,  12,  90,  23],
       [ 18,   6,   0,   0,   1,  16,  80]], dtype=int64), array([[434,  23,   2,   5,  11,   8,   5],
       [  6, 161,   0,   0,   1,   1,   1],
       [ 13,   0, 127,  20,   0,   0,   0],
       [ 26,   1,  11, 120,   0,   0,   0],
       [ 40,   6,   0,   0,  95,  10,   1],
       [ 25,   2,   0,   0,  24,  91,   2],
       [ 20,  20,   0,   0,  12,   9,  60]], dtype=int64), array([[439,   8,  11,   2,  10,  14,   4],
       [ 13, 154,   0,   0,   0,   0,   3],
       [  4,   0, 155,   1,   0,   0,   0],
       [  7,   0,  32, 118,   1,   0,   0],
       [ 13,   4,   0,   0, 118,  14,   3],
       [ 12,   2,   0,   0,  28, 101,   1],
       [ 23,   6,   0,   0,  13,   6,  73]], dtype=int64), array([[450,   5,   5,   6,   1,   8,  13],
       [ 25, 140,   1,   0,   0,   2,   2],
       [  6,   0, 132,  22,   0,   0,   0],
       [  5,   2,   3, 148,   0,   0,   0],
       [ 33,   1,   0,   1,  79,  26,  12],
       [  8,   0,   0,   0,   7, 115,  14],
       [ 22,   2,   0,   0,   4,  14,  79]], dtype=int64), array([[448,   4,   0,   7,  20,   3,   6],
       [ 25, 141,   0,   1,   0,   0,   3],
       [  2,   0, 140,   7,   1,  10,   0],
       [ 11,   0,   8, 139,   0,   0,   0],
       [ 34,   0,   0,   0, 109,   8,   1],
       [ 18,   0,   0,   0,  15, 110,   1],
       [ 22,   1,   0,   0,  12,   2,  84]], dtype=int64)], 'roc_auc_micro': [0.6210217755443886, 0.6210217755443886, 0.6210217755443886, 0.6210217755443886, 0.6210217755443886, 0.6231155778894472, 0.6566164154103851, 0.6662479061976548, 0.7018425460636516, 0.7474874371859297, 0.7788944723618091, 0.8052763819095476, 0.8224455611390284, 0.8458961474036851, 0.8756281407035176, 0.8722780569514239, 0.9015912897822446, 0.8953098827470686, 0.907035175879397], 'roc_auc_macro': [0.5, 0.5, 0.5, 0.5, 0.5, 0.5028602768099757, 0.5649124145563548, 0.5996035923669291, 0.6425743689417407, 0.6942647978295193, 0.7530652696384168, 0.7698694873926858, 0.8090775822490207, 0.8347166005706157, 0.8545369117151578, 0.846952569093096, 0.8850773195781004, 0.8748804037460378, 0.8903700140659264]}
[20,   100] loss: 0.015, time: 1571.22 seconds
[20,   200] loss: 0.042, time: 1576.76 seconds
[20,   300] loss: 0.062, time: 1582.34 seconds
[20,   400] loss: 0.082, time: 1587.91 seconds
[20,   500] loss: 0.099, time: 1593.41 seconds
[20,   600] loss: 0.117, time: 1598.90 seconds
[20,   700] loss: 0.142, time: 1604.48 seconds
[20,   800] loss: 0.161, time: 1610.12 seconds
[20,   900] loss: 0.184, time: 1615.83 seconds
[20,  1000] loss: 0.202, time: 1621.48 seconds
[20,  1100] loss: 0.220, time: 1627.66 seconds
[20,  1200] loss: 0.241, time: 1633.37 seconds
[20,  1300] loss: 0.270, time: 1638.86 seconds
Epoch time 78.30
{'train_loss': [2554.4547902047634, 2525.5802685916424, 2519.354166030884, 2513.1896684765816, 2507.1929346323013, 2468.642673790455, 2383.0259818583727, 2270.879336897284, 2094.4190389246214, 1888.590369119891, 1658.4216442641336, 1548.6287149485725, 1352.6467921538206, 1230.826616730772, 1128.294728720999, 1009.5832377297111, 892.3926106808549, 829.3737048839089, 705.404319253485, 579.3823635824698], 'accuracy': [0.3503230437903805, 0.3503230437903805, 0.3503230437903805, 0.3503230437903805, 0.3503230437903805, 0.3539124192390524, 0.4113424264178033, 0.4278535534816942, 0.48887293610911703, 0.5671213208901651, 0.6209619526202441, 0.6661880832735104, 0.6956209619526202, 0.7358219669777458, 0.7867910983488873, 0.7810480976310122, 0.8312993539124193, 0.8205312275664034, 0.8406317300789663, 0.8858578607322326], 'recall': [0.3503230437903805, 0.3503230437903805, 0.3503230437903805, 0.3503230437903805, 0.3503230437903805, 0.3539124192390524, 0.4113424264178033, 0.4278535534816942, 0.48887293610911703, 0.5671213208901651, 0.6209619526202441, 0.6661880832735104, 0.6956209619526202, 0.7358219669777458, 0.7867910983488873, 0.7810480976310122, 0.8312993539124193, 0.8205312275664034, 0.8406317300789663, 0.8858578607322326], 'precision': [0.12272623501055685, 0.12272623501055685, 0.12272623501055685, 0.12272623501055685, 0.12272623501055685, 0.27132909891717405, 0.36012777484756764, 0.3495129702926783, 0.4835982612349758, 0.5955449476794493, 0.6759283721201552, 0.6973976599484927, 0.7190000941425043, 0.739120812990672, 0.7912596485793837, 0.7869568702464595, 0.8380686447147034, 0.8273832797649076, 0.8472043816360492, 0.8882059429342166], 'f1': [0.18177314765518943, 0.18177314765518943, 0.18177314765518943, 0.18177314765518943, 0.18177314765518943, 0.1899367262388864, 0.31836015285557145, 0.3578673408869697, 0.4620651651103025, 0.5246602734395948, 0.5917178135573228, 0.6557600538224801, 0.6917014104273503, 0.7345379428325269, 0.7828923601921478, 0.7754166541030716, 0.8292432360028774, 0.8166268129196255, 0.8405473220779807, 0.8858824300120528], 'r2': [-1.0751933343217646, -1.0751933343217646, -1.0751933343217646, -1.0751933343217646, -1.0751933343217646, -1.0636827532280622, -0.7991038249456754, -0.48585158232420467, -0.4601994301725252, -0.14250739198634066, 0.19771249776894706, 0.18455754794757295, 0.32054684172602776, 0.4032585887279174, 0.4662379109977459, 0.3953656188350929, 0.5737796257874792, 0.559638054729502, 0.5252707483211622, 0.7403541779006286], 'confusion_matrix': [array([[488,   0,   0,   0,   0,   0,   0],
       [170,   0,   0,   0,   0,   0,   0],
       [160,   0,   0,   0,   0,   0,   0],
       [158,   0,   0,   0,   0,   0,   0],
       [152,   0,   0,   0,   0,   0,   0],
       [144,   0,   0,   0,   0,   0,   0],
       [121,   0,   0,   0,   0,   0,   0]], dtype=int64), array([[488,   0,   0,   0,   0,   0,   0],
       [170,   0,   0,   0,   0,   0,   0],
       [160,   0,   0,   0,   0,   0,   0],
       [158,   0,   0,   0,   0,   0,   0],
       [152,   0,   0,   0,   0,   0,   0],
       [144,   0,   0,   0,   0,   0,   0],
       [121,   0,   0,   0,   0,   0,   0]], dtype=int64), array([[488,   0,   0,   0,   0,   0,   0],
       [170,   0,   0,   0,   0,   0,   0],
       [160,   0,   0,   0,   0,   0,   0],
       [158,   0,   0,   0,   0,   0,   0],
       [152,   0,   0,   0,   0,   0,   0],
       [144,   0,   0,   0,   0,   0,   0],
       [121,   0,   0,   0,   0,   0,   0]], dtype=int64), array([[488,   0,   0,   0,   0,   0,   0],
       [170,   0,   0,   0,   0,   0,   0],
       [160,   0,   0,   0,   0,   0,   0],
       [158,   0,   0,   0,   0,   0,   0],
       [152,   0,   0,   0,   0,   0,   0],
       [144,   0,   0,   0,   0,   0,   0],
       [121,   0,   0,   0,   0,   0,   0]], dtype=int64), array([[488,   0,   0,   0,   0,   0,   0],
       [170,   0,   0,   0,   0,   0,   0],
       [160,   0,   0,   0,   0,   0,   0],
       [158,   0,   0,   0,   0,   0,   0],
       [152,   0,   0,   0,   0,   0,   0],
       [144,   0,   0,   0,   0,   0,   0],
       [121,   0,   0,   0,   0,   0,   0]], dtype=int64), array([[488,   0,   0,   0,   0,   0,   0],
       [170,   0,   0,   0,   0,   0,   0],
       [149,   0,   1,  10,   0,   0,   0],
       [154,   0,   0,   4,   0,   0,   0],
       [152,   0,   0,   0,   0,   0,   0],
       [144,   0,   0,   0,   0,   0,   0],
       [121,   0,   0,   0,   0,   0,   0]], dtype=int64), array([[435,   6,  40,   0,   0,   7,   0],
       [114,  41,   3,   0,   0,   9,   3],
       [ 98,   0,  62,   0,   0,   0,   0],
       [112,   0,  46,   0,   0,   0,   0],
       [136,   1,   1,   0,   0,  11,   3],
       [103,   2,   3,   0,   0,  29,   7],
       [110,   0,   0,   0,   0,   5,   6]], dtype=int64), array([[370,  26,  55,  13,   0,  24,   0],
       [ 87,  73,   1,   0,   0,   9,   0],
       [ 75,   0,  82,   1,   0,   2,   0],
       [ 89,   0,  57,  12,   0,   0,   0],
       [ 94,   4,  11,   2,   0,  41,   0],
       [ 74,   6,   2,   3,   0,  59,   0],
       [ 77,   8,   3,   1,   0,  32,   0]], dtype=int64), array([[380,  25,  19,  10,  32,  11,  11],
       [ 57,  94,   0,   0,   9,   0,  10],
       [ 64,   0,  66,  27,   0,   1,   2],
       [ 73,   2,  25,  53,   2,   3,   0],
       [ 84,   5,   2,   0,  36,  21,   4],
       [ 62,   7,   2,   0,  25,  40,   8],
       [ 73,  10,   0,   0,  13,  13,  12]], dtype=int64), array([[415,  42,  12,   5,   3,   2,   9],
       [ 27, 119,   0,   3,   1,   0,  20],
       [ 43,   1, 113,   2,   0,   0,   1],
       [ 73,   0,  61,  23,   0,   1,   0],
       [ 76,  17,   0,   0,  25,  14,  20],
       [ 47,  12,   1,   0,   7,  42,  35],
       [ 38,  27,   0,   0,   1,   2,  53]], dtype=int64), array([[348,  28,  20,  50,   8,  34,   0],
       [ 11, 144,   2,   1,   0,  11,   1],
       [  6,   0,  95,  57,   0,   2,   0],
       [  9,   0,  21, 126,   0,   2,   0],
       [ 35,  14,   1,   2,  34,  66,   0],
       [ 16,   7,   1,   2,   4, 114,   0],
       [ 26,  24,   0,   2,   2,  63,   4]], dtype=int64), array([[419,   7,   3,  14,  28,   2,  15],
       [ 40,  98,   0,   1,   4,   0,  27],
       [ 40,   0, 116,   3,   1,   0,   0],
       [ 43,   0,  25,  90,   0,   0,   0],
       [ 34,   1,   0,   3,  97,   5,  12],
       [ 27,   2,   0,   5,  40,  36,  34],
       [ 21,   7,   0,   4,  16,   1,  72]], dtype=int64), array([[361,  12,  31,   8,  34,  22,  20],
       [ 12, 148,   0,   0,   2,   5,   3],
       [  4,   0, 152,   3,   1,   0,   0],
       [ 19,   0,  70,  68,   0,   1,   0],
       [ 18,   4,   1,   0,  88,  32,   9],
       [ 10,   2,   1,   0,  19, 101,  11],
       [ 18,   9,   0,   0,   8,  35,  51]], dtype=int64), array([[373,  14,  16,  33,  24,  20,   8],
       [  7, 152,   0,   1,   1,   2,   7],
       [  8,   0, 139,  13,   0,   0,   0],
       [  7,   1,  21, 126,   1,   2,   0],
       [ 22,   4,   0,   3,  79,  32,  12],
       [ 11,   4,   0,   3,  20,  98,   8],
       [ 19,   4,   0,   0,  13,  27,  58]], dtype=int64), array([[434,  13,   5,   7,   4,   8,  17],
       [ 10, 153,   0,   0,   0,   5,   2],
       [  6,   0, 122,  32,   0,   0,   0],
       [ 10,   0,   6, 141,   0,   1,   0],
       [ 34,   5,   0,   0,  76,  23,  14],
       [ 17,   2,   0,   0,  12,  90,  23],
       [ 18,   6,   0,   0,   1,  16,  80]], dtype=int64), array([[434,  23,   2,   5,  11,   8,   5],
       [  6, 161,   0,   0,   1,   1,   1],
       [ 13,   0, 127,  20,   0,   0,   0],
       [ 26,   1,  11, 120,   0,   0,   0],
       [ 40,   6,   0,   0,  95,  10,   1],
       [ 25,   2,   0,   0,  24,  91,   2],
       [ 20,  20,   0,   0,  12,   9,  60]], dtype=int64), array([[439,   8,  11,   2,  10,  14,   4],
       [ 13, 154,   0,   0,   0,   0,   3],
       [  4,   0, 155,   1,   0,   0,   0],
       [  7,   0,  32, 118,   1,   0,   0],
       [ 13,   4,   0,   0, 118,  14,   3],
       [ 12,   2,   0,   0,  28, 101,   1],
       [ 23,   6,   0,   0,  13,   6,  73]], dtype=int64), array([[450,   5,   5,   6,   1,   8,  13],
       [ 25, 140,   1,   0,   0,   2,   2],
       [  6,   0, 132,  22,   0,   0,   0],
       [  5,   2,   3, 148,   0,   0,   0],
       [ 33,   1,   0,   1,  79,  26,  12],
       [  8,   0,   0,   0,   7, 115,  14],
       [ 22,   2,   0,   0,   4,  14,  79]], dtype=int64), array([[448,   4,   0,   7,  20,   3,   6],
       [ 25, 141,   0,   1,   0,   0,   3],
       [  2,   0, 140,   7,   1,  10,   0],
       [ 11,   0,   8, 139,   0,   0,   0],
       [ 34,   0,   0,   0, 109,   8,   1],
       [ 18,   0,   0,   0,  15, 110,   1],
       [ 22,   1,   0,   0,  12,   2,  84]], dtype=int64), array([[449,   4,   2,   6,  19,   5,   3],
       [  6, 164,   0,   0,   0,   0,   0],
       [  0,   0, 138,  21,   0,   1,   0],
       [  2,   0,   6, 150,   0,   0,   0],
       [ 15,   0,   2,   0, 120,  12,   3],
       [  4,   0,   1,   0,  17, 120,   2],
       [ 10,   5,   0,   0,   6,   7,  93]], dtype=int64)], 'roc_auc_micro': [0.6210217755443886, 0.6210217755443886, 0.6210217755443886, 0.6210217755443886, 0.6210217755443886, 0.6231155778894472, 0.6566164154103851, 0.6662479061976548, 0.7018425460636516, 0.7474874371859297, 0.7788944723618091, 0.8052763819095476, 0.8224455611390284, 0.8458961474036851, 0.8756281407035176, 0.8722780569514239, 0.9015912897822446, 0.8953098827470686, 0.907035175879397, 0.9334170854271358], 'roc_auc_macro': [0.5, 0.5, 0.5, 0.5, 0.5, 0.5028602768099757, 0.5649124145563548, 0.5996035923669291, 0.6425743689417407, 0.6942647978295193, 0.7530652696384168, 0.7698694873926858, 0.8090775822490207, 0.8347166005706157, 0.8545369117151578, 0.846952569093096, 0.8850773195781004, 0.8748804037460378, 0.8903700140659264, 0.9249200994311567]}
Total training time: 1662.00 s
Finished Training
